dataset,profile,android_brightness,patch,R,G,B,X,Y,Z
native-gamma22-brightness-20260913/reference-173,gamma22,173,white-start,255,255,255,213.365875,225.113346,243.218936
native-gamma22-brightness-20260913/reference-173,gamma22,173,black,0,0,0,0.0,0.0,0.0
native-gamma22-brightness-20260913/reference-173,gamma22,173,gray-4,4,4,4,0.0,0.0,0.0
native-gamma22-brightness-20260913/reference-173,gamma22,173,gray-8,8,8,8,0.068481,0.068894,0.082939
native-gamma22-brightness-20260913/reference-173,gamma22,173,gray-12,12,12,12,0.189847,0.251569,0.190424
native-gamma22-brightness-20260913/reference-173,gamma22,173,gray-16,16,16,16,0.382893,0.407758,0.403201
native-gamma22-brightness-20260913/reference-173,gamma22,173,gray-24,24,24,24,1.087431,1.191409,1.163251
native-gamma22-brightness-20260913/reference-173,gamma22,173,gray-32,32,32,32,2.169452,2.332109,2.411147
native-gamma22-brightness-20260913/reference-173,gamma22,173,gray-48,48,48,48,5.136539,5.448381,5.799518
native-gamma22-brightness-20260913/reference-173,gamma22,173,gray-64,64,64,64,9.901903,10.567837,11.292025
native-gamma22-brightness-20260913/reference-173,gamma22,173,gray-96,96,96,96,24.120238,25.693083,27.373909
native-gamma22-brightness-20260913/reference-173,gamma22,173,gray-128,128,128,128,46.222954,48.961436,53.258817
native-gamma22-brightness-20260913/reference-173,gamma22,173,gray-160,160,160,160,75.78131,79.951818,86.98786
native-gamma22-brightness-20260913/reference-173,gamma22,173,gray-192,192,192,192,112.854564,119.535724,128.36153
native-gamma22-brightness-20260913/reference-173,gamma22,173,gray-224,224,224,224,159.253895,167.650133,182.494873
native-gamma22-brightness-20260913/reference-173,gamma22,173,gray-240,240,240,240,185.403351,195.057405,211.434924
native-gamma22-brightness-20260913/reference-173,gamma22,173,gray-248,248,248,248,199.246213,210.399425,226.888857
native-gamma22-brightness-20260913/reference-173,gamma22,173,gray-252,252,252,252,207.036849,218.447672,235.940535
native-gamma22-brightness-20260913/reference-173,gamma22,173,red-128,128,0,0,19.877432,10.322892,1.06194
native-gamma22-brightness-20260913/reference-173,gamma22,173,red-224,224,0,0,69.954855,36.276283,3.666844
native-gamma22-brightness-20260913/reference-173,gamma22,173,red-240,240,0,0,82.051005,42.421441,4.118974
native-gamma22-brightness-20260913/reference-173,gamma22,173,red-248,248,0,0,89.08066,46.05246,4.361701
native-gamma22-brightness-20260913/reference-173,gamma22,173,red-252,252,0,0,92.07207,47.626856,4.590916
native-gamma22-brightness-20260913/reference-173,gamma22,173,red-255,255,0,0,94.989289,49.199032,4.599336
native-gamma22-brightness-20260913/reference-173,gamma22,173,green-128,0,128,0,17.825674,35.71538,5.989276
native-gamma22-brightness-20260913/reference-173,gamma22,173,green-224,0,224,0,61.764401,124.211469,20.906157
native-gamma22-brightness-20260913/reference-173,gamma22,173,green-240,0,240,0,72.075592,145.10212,24.314063
native-gamma22-brightness-20260913/reference-173,gamma22,173,green-248,0,248,0,77.5047,155.702852,25.881382
native-gamma22-brightness-20260913/reference-173,gamma22,173,green-252,0,252,0,80.396731,161.819713,26.71991
native-gamma22-brightness-20260913/reference-173,gamma22,173,green-255,0,255,0,82.506254,166.531935,27.464662
native-gamma22-brightness-20260913/reference-173,gamma22,173,blue-128,0,0,128,8.952428,3.607925,47.119497
native-gamma22-brightness-20260913/reference-173,gamma22,173,blue-224,0,0,224,30.695856,12.32686,161.264029
native-gamma22-brightness-20260913/reference-173,gamma22,173,blue-240,0,0,240,36.014103,14.46027,189.289232
native-gamma22-brightness-20260913/reference-173,gamma22,173,blue-248,0,0,248,38.8148,15.535974,203.729621
native-gamma22-brightness-20260913/reference-173,gamma22,173,blue-252,0,0,252,39.96537,16.082015,210.202571
native-gamma22-brightness-20260913/reference-173,gamma22,173,blue-255,0,0,255,41.225298,16.49544,216.714595
native-gamma22-brightness-20260913/reference-173,gamma22,173,cyan-128,0,128,128,26.566358,38.899,51.842959
native-gamma22-brightness-20260913/reference-173,gamma22,173,cyan-224,0,224,224,90.933663,133.974158,178.788804
native-gamma22-brightness-20260913/reference-173,gamma22,173,cyan-240,0,240,240,105.799607,156.065593,207.731988
native-gamma22-brightness-20260913/reference-173,gamma22,173,cyan-248,0,248,248,113.849459,167.359583,225.295283
native-gamma22-brightness-20260913/reference-173,gamma22,173,cyan-252,0,252,252,117.95606,173.957942,232.230308
native-gamma22-brightness-20260913/reference-173,gamma22,173,cyan-255,0,255,255,121.019737,178.777093,239.153252
native-gamma22-brightness-20260913/reference-173,gamma22,173,magenta-128,128,0,128,28.918674,13.946453,47.244631
native-gamma22-brightness-20260913/reference-173,gamma22,173,magenta-224,224,0,224,99.958756,48.174993,162.901661
native-gamma22-brightness-20260913/reference-173,gamma22,173,magenta-240,240,0,240,117.190454,56.385434,191.170044
native-gamma22-brightness-20260913/reference-173,gamma22,173,magenta-248,248,0,248,126.287297,60.716103,205.480792
native-gamma22-brightness-20260913/reference-173,gamma22,173,magenta-252,252,0,252,130.791903,62.835759,214.314604
native-gamma22-brightness-20260913/reference-173,gamma22,173,magenta-255,255,0,255,134.755098,64.751243,220.675231
native-gamma22-brightness-20260913/reference-173,gamma22,173,yellow-128,128,128,0,37.509258,45.655556,6.772653
native-gamma22-brightness-20260913/reference-173,gamma22,173,yellow-224,224,224,0,129.956017,157.631434,23.829514
native-gamma22-brightness-20260913/reference-173,gamma22,173,yellow-240,240,240,0,152.004628,184.048905,27.620504
native-gamma22-brightness-20260913/reference-173,gamma22,173,yellow-248,248,248,0,163.725512,198.825878,29.874105
native-gamma22-brightness-20260913/reference-173,gamma22,173,yellow-252,252,252,0,170.292706,206.826936,30.69969
native-gamma22-brightness-20260913/reference-173,gamma22,173,yellow-255,255,255,0,175.277012,212.772696,31.490227
native-gamma22-brightness-20260913/reference-173,gamma22,173,red-mix,192,64,64,55.377964,33.911759,13.66841
native-gamma22-brightness-20260913/reference-173,gamma22,173,green-mix,64,192,64,49.647372,90.462902,24.343669
native-gamma22-brightness-20260913/reference-173,gamma22,173,blue-mix,64,64,192,29.746396,18.22797,116.12527
native-gamma22-brightness-20260913/reference-173,gamma22,173,skin-light,194,150,130,83.622832,78.766627,57.606321
native-gamma22-brightness-20260913/reference-173,gamma22,173,skin-dark,115,82,68,23.853115,21.654534,14.290987
native-gamma22-brightness-20260913/reference-173,gamma22,173,white-end,255,255,255,213.107499,224.71488,243.21635
native-gamma22-brightness-20260913/slider-000-raw-001,gamma22,1,white-start,255,255,255,1.679801,1.77414,1.923009
native-gamma22-brightness-20260913/slider-000-raw-001,gamma22,1,black,0,0,0,0.0,0.0,0.0
native-gamma22-brightness-20260913/slider-000-raw-001,gamma22,1,gray-4,4,4,4,0.0,0.0,0.0
native-gamma22-brightness-20260913/slider-000-raw-001,gamma22,1,gray-8,8,8,8,0.002231,0.003707,0.005601
native-gamma22-brightness-20260913/slider-000-raw-001,gamma22,1,gray-12,12,12,12,0.004391,0.005507,0.010257
native-gamma22-brightness-20260913/slider-000-raw-001,gamma22,1,gray-16,16,16,16,0.005685,0.006711,0.010951
native-gamma22-brightness-20260913/slider-000-raw-001,gamma22,1,gray-24,24,24,24,0.010302,0.011159,0.011614
native-gamma22-brightness-20260913/slider-000-raw-001,gamma22,1,gray-32,32,32,32,0.018914,0.020499,0.01634
native-gamma22-brightness-20260913/slider-000-raw-001,gamma22,1,gray-48,48,48,48,0.043955,0.045936,0.048742
native-gamma22-brightness-20260913/slider-000-raw-001,gamma22,1,gray-64,64,64,64,0.08271,0.086663,0.094671
native-gamma22-brightness-20260913/slider-000-raw-001,gamma22,1,gray-96,96,96,96,0.195635,0.207982,0.224916
native-gamma22-brightness-20260913/slider-000-raw-001,gamma22,1,gray-128,128,128,128,0.3676,0.392164,0.427137
native-gamma22-brightness-20260913/slider-000-raw-001,gamma22,1,gray-160,160,160,160,0.601155,0.637955,0.694772
native-gamma22-brightness-20260913/slider-000-raw-001,gamma22,1,gray-192,192,192,192,0.89256,0.95087,1.024818
native-gamma22-brightness-20260913/slider-000-raw-001,gamma22,1,gray-224,224,224,224,1.267823,1.340063,1.461606
native-gamma22-brightness-20260913/slider-000-raw-001,gamma22,1,gray-240,240,240,240,1.469487,1.553117,1.683537
native-gamma22-brightness-20260913/slider-000-raw-001,gamma22,1,gray-248,248,248,248,1.5783,1.672175,1.803985
native-gamma22-brightness-20260913/slider-000-raw-001,gamma22,1,gray-252,252,252,252,1.637092,1.735252,1.874976
native-gamma22-brightness-20260913/slider-000-raw-001,gamma22,1,red-128,128,0,0,0.148237,0.081688,0.012456
native-gamma22-brightness-20260913/slider-000-raw-001,gamma22,1,red-224,224,0,0,0.525633,0.280049,0.028329
native-gamma22-brightness-20260913/slider-000-raw-001,gamma22,1,red-240,240,0,0,0.619068,0.327994,0.033454
native-gamma22-brightness-20260913/slider-000-raw-001,gamma22,1,red-248,248,0,0,0.673571,0.356324,0.03591
native-gamma22-brightness-20260913/slider-000-raw-001,gamma22,1,red-252,252,0,0,0.696578,0.368719,0.038337
native-gamma22-brightness-20260913/slider-000-raw-001,gamma22,1,red-255,255,0,0,0.718412,0.380589,0.038465
native-gamma22-brightness-20260913/slider-000-raw-001,gamma22,1,green-128,0,128,0,0.148123,0.2819,0.048882
native-gamma22-brightness-20260913/slider-000-raw-001,gamma22,1,green-224,0,224,0,0.498134,0.973099,0.173896
native-gamma22-brightness-20260913/slider-000-raw-001,gamma22,1,green-240,0,240,0,0.577026,1.130878,0.201754
native-gamma22-brightness-20260913/slider-000-raw-001,gamma22,1,green-248,0,248,0,0.621274,1.21638,0.214578
native-gamma22-brightness-20260913/slider-000-raw-001,gamma22,1,green-252,0,252,0,0.644846,1.265705,0.221322
native-gamma22-brightness-20260913/slider-000-raw-001,gamma22,1,green-255,0,255,0,0.661683,1.302185,0.227254
native-gamma22-brightness-20260913/slider-000-raw-001,gamma22,1,blue-128,0,0,128,0.077215,0.037446,0.376439
native-gamma22-brightness-20260913/slider-000-raw-001,gamma22,1,blue-224,0,0,224,0.25007,0.110572,1.266962
native-gamma22-brightness-20260913/slider-000-raw-001,gamma22,1,blue-240,0,0,240,0.291898,0.127641,1.486533
native-gamma22-brightness-20260913/slider-000-raw-001,gamma22,1,blue-248,0,0,248,0.312871,0.136006,1.592665
native-gamma22-brightness-20260913/slider-000-raw-001,gamma22,1,blue-252,0,0,252,0.321359,0.139861,1.639725
native-gamma22-brightness-20260913/slider-000-raw-001,gamma22,1,blue-255,0,0,255,0.330891,0.143262,1.689003
native-gamma22-brightness-20260913/slider-000-raw-001,gamma22,1,cyan-128,0,128,128,0.222683,0.315348,0.417586
native-gamma22-brightness-20260913/slider-000-raw-001,gamma22,1,cyan-224,0,224,224,0.738226,1.07212,1.423023
native-gamma22-brightness-20260913/slider-000-raw-001,gamma22,1,cyan-240,0,240,240,0.854227,1.242513,1.643958
native-gamma22-brightness-20260913/slider-000-raw-001,gamma22,1,cyan-248,0,248,248,0.918131,1.331419,1.778648
native-gamma22-brightness-20260913/slider-000-raw-001,gamma22,1,cyan-252,0,252,252,0.950834,1.381817,1.831049
native-gamma22-brightness-20260913/slider-000-raw-001,gamma22,1,cyan-255,0,255,255,0.97539,1.419647,1.885214
native-gamma22-brightness-20260913/slider-000-raw-001,gamma22,1,magenta-128,128,0,128,0.226221,0.119114,0.378692
native-gamma22-brightness-20260913/slider-000-raw-001,gamma22,1,magenta-224,224,0,224,0.776532,0.388293,1.28959
native-gamma22-brightness-20260913/slider-000-raw-001,gamma22,1,magenta-240,240,0,240,0.913199,0.454044,1.511991
native-gamma22-brightness-20260913/slider-000-raw-001,gamma22,1,magenta-248,248,0,248,0.984079,0.488301,1.619992
native-gamma22-brightness-20260913/slider-000-raw-001,gamma22,1,magenta-252,252,0,252,1.017904,0.50459,1.685776
native-gamma22-brightness-20260913/slider-000-raw-001,gamma22,1,magenta-255,255,0,255,1.049503,0.520092,1.737114
native-gamma22-brightness-20260913/slider-000-raw-001,gamma22,1,yellow-128,128,128,0,0.295785,0.361587,0.057235
native-gamma22-brightness-20260913/slider-000-raw-001,gamma22,1,yellow-224,224,224,0,1.021562,1.243544,0.20024
native-gamma22-brightness-20260913/slider-000-raw-001,gamma22,1,yellow-240,240,240,0,1.189176,1.446042,0.231074
native-gamma22-brightness-20260913/slider-000-raw-001,gamma22,1,yellow-248,248,248,0,1.278734,1.5597,0.250008
native-gamma22-brightness-20260913/slider-000-raw-001,gamma22,1,yellow-252,252,252,0,1.327825,1.618826,0.256943
native-gamma22-brightness-20260913/slider-000-raw-001,gamma22,1,yellow-255,255,255,0,1.366323,1.664323,0.263632
native-gamma22-brightness-20260913/slider-000-raw-001,gamma22,1,red-mix,192,64,64,0.423782,0.268082,0.115305
native-gamma22-brightness-20260913/slider-000-raw-001,gamma22,1,green-mix,64,192,64,0.401511,0.712783,0.201485
native-gamma22-brightness-20260913/slider-000-raw-001,gamma22,1,blue-mix,64,64,192,0.243948,0.155773,0.919028
native-gamma22-brightness-20260913/slider-000-raw-001,gamma22,1,skin-light,194,150,130,0.656972,0.628622,0.466627
native-gamma22-brightness-20260913/slider-000-raw-001,gamma22,1,skin-dark,115,82,68,0.189423,0.174754,0.120179
native-gamma22-brightness-20260913/slider-000-raw-001,gamma22,1,white-end,255,255,255,1.690381,1.789772,1.935764
native-gamma22-brightness-20260913/slider-010-raw-026,gamma22,26,white-start,255,255,255,4.515784,4.775709,5.165074
native-gamma22-brightness-20260913/slider-010-raw-026,gamma22,26,black,0,0,0,0.0,0.0,0.0
native-gamma22-brightness-20260913/slider-010-raw-026,gamma22,26,gray-4,4,4,4,0.0,0.0,0.0
native-gamma22-brightness-20260913/slider-010-raw-026,gamma22,26,gray-8,8,8,8,0.007155,0.009913,0.005839
native-gamma22-brightness-20260913/slider-010-raw-026,gamma22,26,gray-12,12,12,12,0.010517,0.01351,0.006233
native-gamma22-brightness-20260913/slider-010-raw-026,gamma22,26,gray-16,16,16,16,0.015002,0.016708,0.006842
native-gamma22-brightness-20260913/slider-010-raw-026,gamma22,26,gray-24,24,24,24,0.02547,0.027366,0.025365
native-gamma22-brightness-20260913/slider-010-raw-026,gamma22,26,gray-32,32,32,32,0.048796,0.050466,0.055468
native-gamma22-brightness-20260913/slider-010-raw-026,gamma22,26,gray-48,48,48,48,0.114644,0.119898,0.133962
native-gamma22-brightness-20260913/slider-010-raw-026,gamma22,26,gray-64,64,64,64,0.214846,0.228887,0.252361
native-gamma22-brightness-20260913/slider-010-raw-026,gamma22,26,gray-96,96,96,96,0.521656,0.5519,0.602126
native-gamma22-brightness-20260913/slider-010-raw-026,gamma22,26,gray-128,128,128,128,0.987323,1.047752,1.148812
native-gamma22-brightness-20260913/slider-010-raw-026,gamma22,26,gray-160,160,160,160,1.6155,1.707507,1.86884
native-gamma22-brightness-20260913/slider-010-raw-026,gamma22,26,gray-192,192,192,192,2.3919,2.537979,2.717274
native-gamma22-brightness-20260913/slider-010-raw-026,gamma22,26,gray-224,224,224,224,3.387397,3.576759,3.894334
native-gamma22-brightness-20260913/slider-010-raw-026,gamma22,26,gray-240,240,240,240,3.932965,4.15473,4.498787
native-gamma22-brightness-20260913/slider-010-raw-026,gamma22,26,gray-248,248,248,248,4.22118,4.474506,4.820184
native-gamma22-brightness-20260913/slider-010-raw-026,gamma22,26,gray-252,252,252,252,4.385802,4.644378,5.011927
native-gamma22-brightness-20260913/slider-010-raw-026,gamma22,26,red-128,128,0,0,0.41185,0.219063,0.023098
native-gamma22-brightness-20260913/slider-010-raw-026,gamma22,26,red-224,224,0,0,1.439865,0.757453,0.086888
native-gamma22-brightness-20260913/slider-010-raw-026,gamma22,26,red-240,240,0,0,1.686432,0.884002,0.098447
native-gamma22-brightness-20260913/slider-010-raw-026,gamma22,26,red-248,248,0,0,1.826998,0.957146,0.104523
native-gamma22-brightness-20260913/slider-010-raw-026,gamma22,26,red-252,252,0,0,1.887589,0.988961,0.109866
native-gamma22-brightness-20260913/slider-010-raw-026,gamma22,26,red-255,255,0,0,1.945122,1.020819,0.110202
native-gamma22-brightness-20260913/slider-010-raw-026,gamma22,26,green-128,0,128,0,0.390645,0.761241,0.138131
native-gamma22-brightness-20260913/slider-010-raw-026,gamma22,26,green-224,0,224,0,1.328481,2.620658,0.461499
native-gamma22-brightness-20260913/slider-010-raw-026,gamma22,26,green-240,0,240,0,1.545244,3.050369,0.536846
native-gamma22-brightness-20260913/slider-010-raw-026,gamma22,26,green-248,0,248,0,1.659627,3.269286,0.571314
native-gamma22-brightness-20260913/slider-010-raw-026,gamma22,26,green-252,0,252,0,1.720785,3.394731,0.589951
native-gamma22-brightness-20260913/slider-010-raw-026,gamma22,26,green-255,0,255,0,1.763784,3.488405,0.605779
native-gamma22-brightness-20260913/slider-010-raw-026,gamma22,26,blue-128,0,0,128,0.199793,0.08996,1.012197
native-gamma22-brightness-20260913/slider-010-raw-026,gamma22,26,blue-224,0,0,224,0.652874,0.27342,3.371877
native-gamma22-brightness-20260913/slider-010-raw-026,gamma22,26,blue-240,0,0,240,0.765707,0.319426,3.965071
native-gamma22-brightness-20260913/slider-010-raw-026,gamma22,26,blue-248,0,0,248,0.822106,0.341931,4.253702
native-gamma22-brightness-20260913/slider-010-raw-026,gamma22,26,blue-252,0,0,252,0.845147,0.352652,4.380193
native-gamma22-brightness-20260913/slider-010-raw-026,gamma22,26,blue-255,0,0,255,0.870438,0.361451,4.511792
native-gamma22-brightness-20260913/slider-010-raw-026,gamma22,26,cyan-128,0,128,128,0.581693,0.836357,1.120264
native-gamma22-brightness-20260913/slider-010-raw-026,gamma22,26,cyan-224,0,224,224,1.957708,2.856043,3.782232
native-gamma22-brightness-20260913/slider-010-raw-026,gamma22,26,cyan-240,0,240,240,2.270221,3.318721,4.377241
native-gamma22-brightness-20260913/slider-010-raw-026,gamma22,26,cyan-248,0,248,248,2.445001,3.554621,4.747013
native-gamma22-brightness-20260913/slider-010-raw-026,gamma22,26,cyan-252,0,252,252,2.52763,3.68974,4.886434
native-gamma22-brightness-20260913/slider-010-raw-026,gamma22,26,cyan-255,0,255,255,2.59618,3.793153,5.035529
native-gamma22-brightness-20260913/slider-010-raw-026,gamma22,26,magenta-128,128,0,128,0.613399,0.307227,1.016692
native-gamma22-brightness-20260913/slider-010-raw-026,gamma22,26,magenta-224,224,0,224,2.096431,1.028877,3.434819
native-gamma22-brightness-20260913/slider-010-raw-026,gamma22,26,magenta-240,240,0,240,2.452698,1.199695,4.031538
native-gamma22-brightness-20260913/slider-010-raw-026,gamma22,26,magenta-248,248,0,248,2.644056,1.29154,4.330125
native-gamma22-brightness-20260913/slider-010-raw-026,gamma22,26,magenta-252,252,0,252,2.729297,1.332127,4.500289
native-gamma22-brightness-20260913/slider-010-raw-026,gamma22,26,magenta-255,255,0,255,2.811573,1.372062,4.631642
native-gamma22-brightness-20260913/slider-010-raw-026,gamma22,26,yellow-128,128,128,0,0.800114,0.973502,0.156179
native-gamma22-brightness-20260913/slider-010-raw-026,gamma22,26,yellow-224,224,224,0,2.736537,3.326044,0.530628
native-gamma22-brightness-20260913/slider-010-raw-026,gamma22,26,yellow-240,240,240,0,3.184582,3.868047,0.614973
native-gamma22-brightness-20260913/slider-010-raw-026,gamma22,26,yellow-248,248,248,0,3.425753,4.174506,0.665977
native-gamma22-brightness-20260913/slider-010-raw-026,gamma22,26,yellow-252,252,252,0,3.5604,4.335934,0.684503
native-gamma22-brightness-20260913/slider-010-raw-026,gamma22,26,yellow-255,255,255,0,3.663171,4.45643,0.701934
native-gamma22-brightness-20260913/slider-010-raw-026,gamma22,26,red-mix,192,64,64,1.152985,0.718692,0.305197
native-gamma22-brightness-20260913/slider-010-raw-026,gamma22,26,green-mix,64,192,64,1.07054,1.910069,0.538273
native-gamma22-brightness-20260913/slider-010-raw-026,gamma22,26,blue-mix,64,64,192,0.637128,0.400506,2.439276
native-gamma22-brightness-20260913/slider-010-raw-026,gamma22,26,skin-light,194,150,130,1.769998,1.681985,1.248143
native-gamma22-brightness-20260913/slider-010-raw-026,gamma22,26,skin-dark,115,82,68,0.509741,0.464408,0.317275
native-gamma22-brightness-20260913/slider-010-raw-026,gamma22,26,white-end,255,255,255,4.520218,4.779434,5.166353
native-gamma22-brightness-20260913/slider-020-raw-052,gamma22,52,white-start,255,255,255,15.606746,16.506727,17.772608
native-gamma22-brightness-20260913/slider-020-raw-052,gamma22,52,black,0,0,0,0.0,0.0,0.0
native-gamma22-brightness-20260913/slider-020-raw-052,gamma22,52,gray-4,4,4,4,0.0,0.0,0.0
native-gamma22-brightness-20260913/slider-020-raw-052,gamma22,52,gray-8,8,8,8,0.019654,0.022805,0.008888
native-gamma22-brightness-20260913/slider-020-raw-052,gamma22,52,gray-12,12,12,12,0.028119,0.032015,0.015902
native-gamma22-brightness-20260913/slider-020-raw-052,gamma22,52,gray-16,16,16,16,0.035029,0.03699,0.033453
native-gamma22-brightness-20260913/slider-020-raw-052,gamma22,52,gray-24,24,24,24,0.083448,0.0878,0.09213
native-gamma22-brightness-20260913/slider-020-raw-052,gamma22,52,gray-32,32,32,32,0.162783,0.17427,0.185501
native-gamma22-brightness-20260913/slider-020-raw-052,gamma22,52,gray-48,48,48,48,0.387181,0.410315,0.448593
native-gamma22-brightness-20260913/slider-020-raw-052,gamma22,52,gray-64,64,64,64,0.743801,0.79211,0.861595
native-gamma22-brightness-20260913/slider-020-raw-052,gamma22,52,gray-96,96,96,96,1.801145,1.916866,2.06564
native-gamma22-brightness-20260913/slider-020-raw-052,gamma22,52,gray-128,128,128,128,3.425012,3.637346,3.946666
native-gamma22-brightness-20260913/slider-020-raw-052,gamma22,52,gray-160,160,160,160,5.603176,5.938698,6.438127
native-gamma22-brightness-20260913/slider-020-raw-052,gamma22,52,gray-192,192,192,192,8.279654,8.835638,9.389366
native-gamma22-brightness-20260913/slider-020-raw-052,gamma22,52,gray-224,224,224,224,11.71275,12.376647,13.399816
native-gamma22-brightness-20260913/slider-020-raw-052,gamma22,52,gray-240,240,240,240,13.585349,14.34157,15.468365
native-gamma22-brightness-20260913/slider-020-raw-052,gamma22,52,gray-248,248,248,248,14.583665,15.452399,16.588312
native-gamma22-brightness-20260913/slider-020-raw-052,gamma22,52,gray-252,252,252,252,15.133759,16.02559,17.242607
native-gamma22-brightness-20260913/slider-020-raw-052,gamma22,52,red-128,128,0,0,1.453514,0.76238,0.086483
native-gamma22-brightness-20260913/slider-020-raw-052,gamma22,52,red-224,224,0,0,5.001117,2.615595,0.287695
native-gamma22-brightness-20260913/slider-020-raw-052,gamma22,52,red-240,240,0,0,5.859836,3.055156,0.324727
native-gamma22-brightness-20260913/slider-020-raw-052,gamma22,52,red-248,248,0,0,6.358801,3.314552,0.344229
native-gamma22-brightness-20260913/slider-020-raw-052,gamma22,52,red-252,252,0,0,6.567004,3.426348,0.362757
native-gamma22-brightness-20260913/slider-020-raw-052,gamma22,52,red-255,255,0,0,6.771297,3.537319,0.364092
native-gamma22-brightness-20260913/slider-020-raw-052,gamma22,52,green-128,0,128,0,1.345023,2.661045,0.463035
native-gamma22-brightness-20260913/slider-020-raw-052,gamma22,52,green-224,0,224,0,4.564464,9.067524,1.583963
native-gamma22-brightness-20260913/slider-020-raw-052,gamma22,52,green-240,0,240,0,5.300863,10.516909,1.843194
native-gamma22-brightness-20260913/slider-020-raw-052,gamma22,52,green-248,0,248,0,5.693316,11.272113,1.965991
native-gamma22-brightness-20260913/slider-020-raw-052,gamma22,52,green-252,0,252,0,5.916423,11.723306,2.03354
native-gamma22-brightness-20260913/slider-020-raw-052,gamma22,52,green-255,0,255,0,6.065928,12.051408,2.090638
native-gamma22-brightness-20260913/slider-020-raw-052,gamma22,52,blue-128,0,0,128,0.67212,0.278974,3.493502
native-gamma22-brightness-20260913/slider-020-raw-052,gamma22,52,blue-224,0,0,224,2.233475,0.917011,11.638281
native-gamma22-brightness-20260913/slider-020-raw-052,gamma22,52,blue-240,0,0,240,2.624176,1.076055,13.674217
native-gamma22-brightness-20260913/slider-020-raw-052,gamma22,52,blue-248,0,0,248,2.821765,1.154484,14.675069
native-gamma22-brightness-20260913/slider-020-raw-052,gamma22,52,blue-252,0,0,252,2.901936,1.191483,15.118265
native-gamma22-brightness-20260913/slider-020-raw-052,gamma22,52,blue-255,0,0,255,2.989731,1.22174,15.575019
native-gamma22-brightness-20260913/slider-020-raw-052,gamma22,52,cyan-128,0,128,128,1.99847,2.905582,3.853209
native-gamma22-brightness-20260913/slider-020-raw-052,gamma22,52,cyan-224,0,224,224,6.741443,9.888834,13.036554
native-gamma22-brightness-20260913/slider-020-raw-052,gamma22,52,cyan-240,0,240,240,7.817134,11.45931,15.106672
native-gamma22-brightness-20260913/slider-020-raw-052,gamma22,52,cyan-248,0,248,248,8.400563,12.27435,16.360027
native-gamma22-brightness-20260913/slider-020-raw-052,gamma22,52,cyan-252,0,252,252,8.715675,12.74464,16.863665
native-gamma22-brightness-20260913/slider-020-raw-052,gamma22,52,cyan-255,0,255,255,8.925466,13.0878,17.355424
native-gamma22-brightness-20260913/slider-020-raw-052,gamma22,52,magenta-128,128,0,128,2.135422,1.04529,3.505642
native-gamma22-brightness-20260913/slider-020-raw-052,gamma22,52,magenta-224,224,0,224,7.257055,3.532966,11.851612
native-gamma22-brightness-20260913/slider-020-raw-052,gamma22,52,magenta-240,240,0,240,8.512575,4.135774,13.898414
native-gamma22-brightness-20260913/slider-020-raw-052,gamma22,52,magenta-248,248,0,248,9.173547,4.454498,14.913145
native-gamma22-brightness-20260913/slider-020-raw-052,gamma22,52,magenta-252,252,0,252,9.485069,4.602745,15.524012
native-gamma22-brightness-20260913/slider-020-raw-052,gamma22,52,magenta-255,255,0,255,9.785041,4.748773,16.007167
native-gamma22-brightness-20260913/slider-020-raw-052,gamma22,52,yellow-128,128,128,0,2.786206,3.401142,0.524788
native-gamma22-brightness-20260913/slider-020-raw-052,gamma22,52,yellow-224,224,224,0,9.477294,11.532188,1.829
native-gamma22-brightness-20260913/slider-020-raw-052,gamma22,52,yellow-240,240,240,0,11.013671,13.369443,2.1188
native-gamma22-brightness-20260913/slider-020-raw-052,gamma22,52,yellow-248,248,248,0,11.838141,14.415151,2.292041
native-gamma22-brightness-20260913/slider-020-raw-052,gamma22,52,yellow-252,252,252,0,12.299912,14.973388,2.354831
native-gamma22-brightness-20260913/slider-020-raw-052,gamma22,52,yellow-255,255,255,0,12.663507,15.402658,2.415924
native-gamma22-brightness-20260913/slider-020-raw-052,gamma22,52,red-mix,192,64,64,4.019564,2.492768,1.048139
native-gamma22-brightness-20260913/slider-020-raw-052,gamma22,52,green-mix,64,192,64,3.700036,6.666279,1.858506
native-gamma22-brightness-20260913/slider-020-raw-052,gamma22,52,blue-mix,64,64,192,2.19977,1.371864,8.4481
native-gamma22-brightness-20260913/slider-020-raw-052,gamma22,52,skin-light,194,150,130,6.129014,5.833276,4.299732
native-gamma22-brightness-20260913/slider-020-raw-052,gamma22,52,skin-dark,115,82,68,1.772198,1.617912,1.089996
native-gamma22-brightness-20260913/slider-020-raw-052,gamma22,52,white-end,255,255,255,15.607561,16.51179,17.808953
native-gamma22-brightness-20260913/slider-030-raw-077,gamma22,77,white-start,255,255,255,35.500371,37.55127,40.478191
native-gamma22-brightness-20260913/slider-030-raw-077,gamma22,77,black,0,0,0,0.0,0.0,0.0
native-gamma22-brightness-20260913/slider-030-raw-077,gamma22,77,gray-4,4,4,4,0.0,0.0,0.0
native-gamma22-brightness-20260913/slider-030-raw-077,gamma22,77,gray-8,8,8,8,0.015219,0.016416,0.022963
native-gamma22-brightness-20260913/slider-030-raw-077,gamma22,77,gray-12,12,12,12,0.035321,0.043902,0.037574
native-gamma22-brightness-20260913/slider-030-raw-077,gamma22,77,gray-16,16,16,16,0.069124,0.072152,0.076179
native-gamma22-brightness-20260913/slider-030-raw-077,gamma22,77,gray-24,24,24,24,0.18938,0.204897,0.207994
native-gamma22-brightness-20260913/slider-030-raw-077,gamma22,77,gray-32,32,32,32,0.371971,0.396523,0.417325
native-gamma22-brightness-20260913/slider-030-raw-077,gamma22,77,gray-48,48,48,48,0.885425,0.937117,1.012693
native-gamma22-brightness-20260913/slider-030-raw-077,gamma22,77,gray-64,64,64,64,1.691815,1.802878,1.949144
native-gamma22-brightness-20260913/slider-030-raw-077,gamma22,77,gray-96,96,96,96,4.102851,4.371726,4.67922
native-gamma22-brightness-20260913/slider-030-raw-077,gamma22,77,gray-128,128,128,128,7.796229,8.285292,8.960177
native-gamma22-brightness-20260913/slider-030-raw-077,gamma22,77,gray-160,160,160,160,12.716753,13.469125,14.600546
native-gamma22-brightness-20260913/slider-030-raw-077,gamma22,77,gray-192,192,192,192,18.836043,20.020901,21.333659
native-gamma22-brightness-20260913/slider-030-raw-077,gamma22,77,gray-224,224,224,224,26.585059,28.11073,30.342855
native-gamma22-brightness-20260913/slider-030-raw-077,gamma22,77,gray-240,240,240,240,30.873211,32.59669,35.087066
native-gamma22-brightness-20260913/slider-030-raw-077,gamma22,77,gray-248,248,248,248,33.136059,35.184161,37.639581
native-gamma22-brightness-20260913/slider-030-raw-077,gamma22,77,gray-252,252,252,252,34.435191,36.458828,39.235901
native-gamma22-brightness-20260913/slider-030-raw-077,gamma22,77,red-128,128,0,0,3.322395,1.735686,0.191942
native-gamma22-brightness-20260913/slider-030-raw-077,gamma22,77,red-224,224,0,0,11.419017,5.964952,0.643693
native-gamma22-brightness-20260913/slider-030-raw-077,gamma22,77,red-240,240,0,0,13.369614,6.963202,0.72648
native-gamma22-brightness-20260913/slider-030-raw-077,gamma22,77,red-248,248,0,0,14.519263,7.56009,0.771283
native-gamma22-brightness-20260913/slider-030-raw-077,gamma22,77,red-252,252,0,0,15.001728,7.817504,0.813389
native-gamma22-brightness-20260913/slider-030-raw-077,gamma22,77,red-255,255,0,0,15.469045,8.071808,0.816058
native-gamma22-brightness-20260913/slider-030-raw-077,gamma22,77,green-128,0,128,0,3.046599,6.055547,1.041718
native-gamma22-brightness-20260913/slider-030-raw-077,gamma22,77,green-224,0,224,0,10.340378,20.578326,3.588502
native-gamma22-brightness-20260913/slider-030-raw-077,gamma22,77,green-240,0,240,0,12.038355,23.941311,4.173729
native-gamma22-brightness-20260913/slider-030-raw-077,gamma22,77,green-248,0,248,0,12.932303,25.679307,4.447804
native-gamma22-brightness-20260913/slider-030-raw-077,gamma22,77,green-252,0,252,0,13.42278,26.686454,4.594324
native-gamma22-brightness-20260913/slider-030-raw-077,gamma22,77,green-255,0,255,0,13.781184,27.45631,4.725162
native-gamma22-brightness-20260913/slider-030-raw-077,gamma22,77,blue-128,0,0,128,1.513881,0.622616,7.90553
native-gamma22-brightness-20260913/slider-030-raw-077,gamma22,77,blue-224,0,0,224,5.074819,2.072192,26.444081
native-gamma22-brightness-20260913/slider-030-raw-077,gamma22,77,blue-240,0,0,240,5.959032,2.432839,31.055058
native-gamma22-brightness-20260913/slider-030-raw-077,gamma22,77,blue-248,0,0,248,6.415957,2.614698,33.367852
native-gamma22-brightness-20260913/slider-030-raw-077,gamma22,77,blue-252,0,0,252,6.599277,2.698876,34.387853
native-gamma22-brightness-20260913/slider-030-raw-077,gamma22,77,blue-255,0,0,255,6.800951,2.768497,35.439406
native-gamma22-brightness-20260913/slider-030-raw-077,gamma22,77,cyan-128,0,128,128,4.522175,6.601459,8.721235
native-gamma22-brightness-20260913/slider-030-raw-077,gamma22,77,cyan-224,0,224,224,15.261254,22.437558,29.561532
native-gamma22-brightness-20260913/slider-030-raw-077,gamma22,77,cyan-240,0,240,240,17.710592,26.051561,34.300394
native-gamma22-brightness-20260913/slider-030-raw-077,gamma22,77,cyan-248,0,248,248,19.018857,27.890658,37.107223
native-gamma22-brightness-20260913/slider-030-raw-077,gamma22,77,cyan-252,0,252,252,19.786969,28.994718,38.351051
native-gamma22-brightness-20260913/slider-030-raw-077,gamma22,77,cyan-255,0,255,255,20.29218,29.771944,39.416301
native-gamma22-brightness-20260913/slider-030-raw-077,gamma22,77,magenta-128,128,0,128,4.864283,2.364677,7.941176
native-gamma22-brightness-20260913/slider-030-raw-077,gamma22,77,magenta-224,224,0,224,16.522884,8.028873,26.899167
native-gamma22-brightness-20260913/slider-030-raw-077,gamma22,77,magenta-240,240,0,240,19.371213,9.398304,31.538114
native-gamma22-brightness-20260913/slider-030-raw-077,gamma22,77,magenta-248,248,0,248,20.895262,10.131275,33.891453
native-gamma22-brightness-20260913/slider-030-raw-077,gamma22,77,magenta-252,252,0,252,21.58486,10.459299,35.288272
native-gamma22-brightness-20260913/slider-030-raw-077,gamma22,77,magenta-255,255,0,255,22.275134,10.79001,36.391943
native-gamma22-brightness-20260913/slider-030-raw-077,gamma22,77,yellow-128,128,128,0,6.319927,7.717819,1.177484
native-gamma22-brightness-20260913/slider-030-raw-077,gamma22,77,yellow-224,224,224,0,21.521187,26.172236,4.130547
native-gamma22-brightness-20260913/slider-030-raw-077,gamma22,77,yellow-240,240,240,0,25.056518,30.427758,4.791068
native-gamma22-brightness-20260913/slider-030-raw-077,gamma22,77,yellow-248,248,248,0,26.965794,32.843001,5.182293
native-gamma22-brightness-20260913/slider-030-raw-077,gamma22,77,yellow-252,252,252,0,27.992111,34.081928,5.314838
native-gamma22-brightness-20260913/slider-030-raw-077,gamma22,77,yellow-255,255,255,0,28.779852,35.0004,5.447897
native-gamma22-brightness-20260913/slider-030-raw-077,gamma22,77,red-mix,192,64,64,9.15093,5.664516,2.364303
native-gamma22-brightness-20260913/slider-030-raw-077,gamma22,77,green-mix,64,192,64,8.351817,15.064808,4.196424
native-gamma22-brightness-20260913/slider-030-raw-077,gamma22,77,blue-mix,64,64,192,4.982711,3.100261,19.172689
native-gamma22-brightness-20260913/slider-030-raw-077,gamma22,77,skin-light,194,150,130,13.92162,13.228604,9.726894
native-gamma22-brightness-20260913/slider-030-raw-077,gamma22,77,skin-dark,115,82,68,4.037617,3.684821,2.464393
native-gamma22-brightness-20260913/slider-030-raw-077,gamma22,77,white-end,255,255,255,35.500371,37.55127,40.478191
native-gamma22-brightness-20260913/slider-040-raw-103,gamma22,103,white-start,255,255,255,65.302098,68.909223,74.562999
native-gamma22-brightness-20260913/slider-040-raw-103,gamma22,103,black,0,0,0,0.0,0.0,0.0
native-gamma22-brightness-20260913/slider-040-raw-103,gamma22,103,gray-4,4,4,4,0.0,0.0,0.0
native-gamma22-brightness-20260913/slider-040-raw-103,gamma22,103,gray-8,8,8,8,0.023993,0.023778,0.022993
native-gamma22-brightness-20260913/slider-040-raw-103,gamma22,103,gray-12,12,12,12,0.063115,0.082414,0.064735
native-gamma22-brightness-20260913/slider-040-raw-103,gamma22,103,gray-16,16,16,16,0.126074,0.134175,0.13683
native-gamma22-brightness-20260913/slider-040-raw-103,gamma22,103,gray-24,24,24,24,0.345191,0.376,0.376843
native-gamma22-brightness-20260913/slider-040-raw-103,gamma22,103,gray-32,32,32,32,0.666367,0.718014,0.755368
native-gamma22-brightness-20260913/slider-040-raw-103,gamma22,103,gray-48,48,48,48,1.626436,1.729862,1.849353
native-gamma22-brightness-20260913/slider-040-raw-103,gamma22,103,gray-64,64,64,64,3.106884,3.322459,3.562534
native-gamma22-brightness-20260913/slider-040-raw-103,gamma22,103,gray-96,96,96,96,7.515568,8.007178,8.555992
native-gamma22-brightness-20260913/slider-040-raw-103,gamma22,103,gray-128,128,128,128,14.313771,15.207256,16.501782
native-gamma22-brightness-20260913/slider-040-raw-103,gamma22,103,gray-160,160,160,160,23.268986,24.632124,27.085749
native-gamma22-brightness-20260913/slider-040-raw-103,gamma22,103,gray-192,192,192,192,34.482609,36.645519,39.414168
native-gamma22-brightness-20260913/slider-040-raw-103,gamma22,103,gray-224,224,224,224,48.76475,51.467345,55.921206
native-gamma22-brightness-20260913/slider-040-raw-103,gamma22,103,gray-240,240,240,240,56.63734,59.692438,64.620786
native-gamma22-brightness-20260913/slider-040-raw-103,gamma22,103,gray-248,248,248,248,60.878899,64.431551,69.416883
native-gamma22-brightness-20260913/slider-040-raw-103,gamma22,103,gray-252,252,252,252,63.243212,66.798661,72.255492
native-gamma22-brightness-20260913/slider-040-raw-103,gamma22,103,red-128,128,0,0,6.090137,3.1719,0.343212
native-gamma22-brightness-20260913/slider-040-raw-103,gamma22,103,red-224,224,0,0,20.989906,10.963462,1.159631
native-gamma22-brightness-20260913/slider-040-raw-103,gamma22,103,red-240,240,0,0,24.618344,12.818709,1.311191
native-gamma22-brightness-20260913/slider-040-raw-103,gamma22,103,red-248,248,0,0,26.741412,13.919592,1.391792
native-gamma22-brightness-20260913/slider-040-raw-103,gamma22,103,red-252,252,0,0,27.591596,14.371628,1.465514
native-gamma22-brightness-20260913/slider-040-raw-103,gamma22,103,red-255,255,0,0,28.481517,14.854883,1.472164
native-gamma22-brightness-20260913/slider-040-raw-103,gamma22,103,green-128,0,128,0,5.558308,11.081439,1.888539
native-gamma22-brightness-20260913/slider-040-raw-103,gamma22,103,green-224,0,224,0,18.926942,37.757579,6.550146
native-gamma22-brightness-20260913/slider-040-raw-103,gamma22,103,green-240,0,240,0,22.025407,43.94097,7.617558
native-gamma22-brightness-20260913/slider-040-raw-103,gamma22,103,green-248,0,248,0,23.655254,47.084097,8.116732
native-gamma22-brightness-20260913/slider-040-raw-103,gamma22,103,green-252,0,252,0,24.577086,48.945517,8.38342
native-gamma22-brightness-20260913/slider-040-raw-103,gamma22,103,green-255,0,255,0,25.200306,50.361588,8.626036
native-gamma22-brightness-20260913/slider-040-raw-103,gamma22,103,blue-128,0,0,128,2.771072,1.129902,14.53012
native-gamma22-brightness-20260913/slider-040-raw-103,gamma22,103,blue-224,0,0,224,9.371348,3.805992,48.953911
native-gamma22-brightness-20260913/slider-040-raw-103,gamma22,103,blue-240,0,0,240,10.967948,4.463748,57.27372
native-gamma22-brightness-20260913/slider-040-raw-103,gamma22,103,blue-248,0,0,248,11.829651,4.802976,61.628039
native-gamma22-brightness-20260913/slider-040-raw-103,gamma22,103,blue-252,0,0,252,12.16091,4.956266,63.476176
native-gamma22-brightness-20260913/slider-040-raw-103,gamma22,103,blue-255,0,0,255,12.53949,5.085438,65.455173
native-gamma22-brightness-20260913/slider-040-raw-103,gamma22,103,cyan-128,0,128,128,8.276509,12.10331,16.018529
native-gamma22-brightness-20260913/slider-040-raw-103,gamma22,103,cyan-224,0,224,224,27.992047,41.114273,54.507917
native-gamma22-brightness-20260913/slider-040-raw-103,gamma22,103,cyan-240,0,240,240,32.387638,47.692498,63.208378
native-gamma22-brightness-20260913/slider-040-raw-103,gamma22,103,cyan-248,0,248,248,34.952384,51.168543,68.530501
native-gamma22-brightness-20260913/slider-040-raw-103,gamma22,103,cyan-252,0,252,252,36.125652,53.159508,70.48771
native-gamma22-brightness-20260913/slider-040-raw-103,gamma22,103,cyan-255,0,255,255,37.07365,54.496375,72.793121
native-gamma22-brightness-20260913/slider-040-raw-103,gamma22,103,magenta-128,128,0,128,8.895461,4.3077,14.547246
native-gamma22-brightness-20260913/slider-040-raw-103,gamma22,103,magenta-224,224,0,224,30.312036,14.709775,49.554624
native-gamma22-brightness-20260913/slider-040-raw-103,gamma22,103,magenta-240,240,0,240,35.557597,17.235547,58.010844
native-gamma22-brightness-20260913/slider-040-raw-103,gamma22,103,magenta-248,248,0,248,38.429989,18.616164,62.390023
native-gamma22-brightness-20260913/slider-040-raw-103,gamma22,103,magenta-252,252,0,252,39.672995,19.202525,64.896522
native-gamma22-brightness-20260913/slider-040-raw-103,gamma22,103,magenta-255,255,0,255,40.847925,19.777479,66.932563
native-gamma22-brightness-20260913/slider-040-raw-103,gamma22,103,yellow-128,128,128,0,11.538561,14.116515,2.13401
native-gamma22-brightness-20260913/slider-040-raw-103,gamma22,103,yellow-224,224,224,0,39.436655,47.93921,7.505091
native-gamma22-brightness-20260913/slider-040-raw-103,gamma22,103,yellow-240,240,240,0,46.002053,55.79292,8.716348
native-gamma22-brightness-20260913/slider-040-raw-103,gamma22,103,yellow-248,248,248,0,49.46679,60.209891,9.413647
native-gamma22-brightness-20260913/slider-040-raw-103,gamma22,103,yellow-252,252,252,0,51.429358,62.551061,9.663672
native-gamma22-brightness-20260913/slider-040-raw-103,gamma22,103,yellow-255,255,255,0,52.904221,64.292945,9.920637
native-gamma22-brightness-20260913/slider-040-raw-103,gamma22,103,red-mix,192,64,64,16.732593,10.35309,4.305882
native-gamma22-brightness-20260913/slider-040-raw-103,gamma22,103,green-mix,64,192,64,15.226413,27.524328,7.636465
native-gamma22-brightness-20260913/slider-040-raw-103,gamma22,103,blue-mix,64,64,192,9.179429,5.689879,35.529103
native-gamma22-brightness-20260913/slider-040-raw-103,gamma22,103,skin-light,194,150,130,25.489147,24.236033,17.890907
native-gamma22-brightness-20260913/slider-040-raw-103,gamma22,103,skin-dark,115,82,68,7.366174,6.718087,4.483648
native-gamma22-brightness-20260913/slider-040-raw-103,gamma22,103,white-end,255,255,255,65.106146,68.728342,74.385501
native-gamma22-brightness-20260913/slider-050-raw-128,gamma22,128,white-start,255,255,255,103.295785,108.862531,118.056217
native-gamma22-brightness-20260913/slider-050-raw-128,gamma22,128,black,0,0,0,0.0,0.0,0.0
native-gamma22-brightness-20260913/slider-050-raw-128,gamma22,128,gray-4,4,4,4,0.0,0.0,0.0
native-gamma22-brightness-20260913/slider-050-raw-128,gamma22,128,gray-8,8,8,8,0.036195,0.0358,0.039602
native-gamma22-brightness-20260913/slider-050-raw-128,gamma22,128,gray-12,12,12,12,0.097882,0.128239,0.100497
native-gamma22-brightness-20260913/slider-050-raw-128,gamma22,128,gray-16,16,16,16,0.194176,0.206884,0.208932
native-gamma22-brightness-20260913/slider-050-raw-128,gamma22,128,gray-24,24,24,24,0.540738,0.592038,0.584244
native-gamma22-brightness-20260913/slider-050-raw-128,gamma22,128,gray-32,32,32,32,1.056077,1.137827,1.189452
native-gamma22-brightness-20260913/slider-050-raw-128,gamma22,128,gray-48,48,48,48,2.521817,2.680498,2.862699
native-gamma22-brightness-20260913/slider-050-raw-128,gamma22,128,gray-64,64,64,64,4.857711,5.197048,5.543928
native-gamma22-brightness-20260913/slider-050-raw-128,gamma22,128,gray-96,96,96,96,11.753274,12.515994,13.356103
native-gamma22-brightness-20260913/slider-050-raw-128,gamma22,128,gray-128,128,128,128,22.405931,23.793589,25.85307
native-gamma22-brightness-20260913/slider-050-raw-128,gamma22,128,gray-160,160,160,160,36.693494,38.76146,42.427804
native-gamma22-brightness-20260913/slider-050-raw-128,gamma22,128,gray-192,192,192,192,54.401339,57.771686,62.139251
native-gamma22-brightness-20260913/slider-050-raw-128,gamma22,128,gray-224,224,224,224,77.137972,81.187093,88.583525
native-gamma22-brightness-20260913/slider-050-raw-128,gamma22,128,gray-240,240,240,240,89.672607,94.329061,102.608995
native-gamma22-brightness-20260913/slider-050-raw-128,gamma22,128,gray-248,248,248,248,96.374377,101.725844,110.06933
native-gamma22-brightness-20260913/slider-050-raw-128,gamma22,128,gray-252,252,252,252,100.229249,105.620134,114.505766
native-gamma22-brightness-20260913/slider-050-raw-128,gamma22,128,red-128,128,0,0,9.602069,5.000818,0.53556
native-gamma22-brightness-20260913/slider-050-raw-128,gamma22,128,red-224,224,0,0,33.390656,17.387031,1.812901
native-gamma22-brightness-20260913/slider-050-raw-128,gamma22,128,red-240,240,0,0,39.190137,20.344716,2.043047
native-gamma22-brightness-20260913/slider-050-raw-128,gamma22,128,red-248,248,0,0,42.587119,22.105726,2.166823
native-gamma22-brightness-20260913/slider-050-raw-128,gamma22,128,red-252,252,0,0,43.966447,22.840074,2.275531
native-gamma22-brightness-20260913/slider-050-raw-128,gamma22,128,red-255,255,0,0,45.394093,23.611991,2.288393
native-gamma22-brightness-20260913/slider-050-raw-128,gamma22,128,green-128,0,128,0,8.693803,17.357391,2.945161
native-gamma22-brightness-20260913/slider-050-raw-128,gamma22,128,green-224,0,224,0,29.849633,59.780843,10.232228
native-gamma22-brightness-20260913/slider-050-raw-128,gamma22,128,green-240,0,240,0,34.762952,69.579072,11.893541
native-gamma22-brightness-20260913/slider-050-raw-128,gamma22,128,green-248,0,248,0,37.377737,74.646385,12.674927
native-gamma22-brightness-20260913/slider-050-raw-128,gamma22,128,green-252,0,252,0,38.766695,77.516329,13.0839
native-gamma22-brightness-20260913/slider-050-raw-128,gamma22,128,green-255,0,255,0,39.783815,79.771447,13.460845
native-gamma22-brightness-20260913/slider-050-raw-128,gamma22,128,blue-128,0,0,128,4.348245,1.768421,22.810012
native-gamma22-brightness-20260913/slider-050-raw-128,gamma22,128,blue-224,0,0,224,14.829591,5.997794,77.659563
native-gamma22-brightness-20260913/slider-050-raw-128,gamma22,128,blue-240,0,0,240,17.41261,7.039701,91.194906
native-gamma22-brightness-20260913/slider-050-raw-128,gamma22,128,blue-248,0,0,248,18.762096,7.575456,98.05452
native-gamma22-brightness-20260913/slider-050-raw-128,gamma22,128,blue-252,0,0,252,19.293007,7.816334,101.046003
native-gamma22-brightness-20260913/slider-050-raw-128,gamma22,128,blue-255,0,0,255,19.889357,8.019228,104.190228
native-gamma22-brightness-20260913/slider-050-raw-128,gamma22,128,cyan-128,0,128,128,12.963019,18.924937,25.158763
native-gamma22-brightness-20260913/slider-050-raw-128,gamma22,128,cyan-224,0,224,224,44.149415,64.800467,86.464147
native-gamma22-brightness-20260913/slider-050-raw-128,gamma22,128,cyan-240,0,240,240,51.215068,75.330643,100.314095
native-gamma22-brightness-20260913/slider-050-raw-128,gamma22,128,cyan-248,0,248,248,55.128074,80.773483,108.829267
native-gamma22-brightness-20260913/slider-050-raw-128,gamma22,128,cyan-252,0,252,252,57.107453,83.869853,112.206835
native-gamma22-brightness-20260913/slider-050-raw-128,gamma22,128,cyan-255,0,255,255,58.589611,86.128554,115.402044
native-gamma22-brightness-20260913/slider-050-raw-128,gamma22,128,magenta-128,128,0,128,13.985315,6.764266,22.853088
native-gamma22-brightness-20260913/slider-050-raw-128,gamma22,128,magenta-224,224,0,224,48.056147,23.259835,78.616784
native-gamma22-brightness-20260913/slider-050-raw-128,gamma22,128,magenta-240,240,0,240,56.46057,27.312416,92.229485
native-gamma22-brightness-20260913/slider-050-raw-128,gamma22,128,magenta-248,248,0,248,60.844251,29.405661,99.119906
native-gamma22-brightness-20260913/slider-050-raw-128,gamma22,128,magenta-252,252,0,252,63.02508,30.391168,103.35974
native-gamma22-brightness-20260913/slider-050-raw-128,gamma22,128,magenta-255,255,0,255,64.939914,31.367262,106.363848
native-gamma22-brightness-20260913/slider-050-raw-128,gamma22,128,yellow-128,128,128,0,18.137104,22.123019,3.322674
native-gamma22-brightness-20260913/slider-050-raw-128,gamma22,128,yellow-224,224,224,0,62.562909,75.934338,11.716315
native-gamma22-brightness-20260913/slider-050-raw-128,gamma22,128,yellow-240,240,240,0,73.080227,88.444451,13.610611
native-gamma22-brightness-20260913/slider-050-raw-128,gamma22,128,yellow-248,248,248,0,78.577948,95.367603,14.703261
native-gamma22-brightness-20260913/slider-050-raw-128,gamma22,128,yellow-252,252,252,0,81.739246,99.209536,15.116767
native-gamma22-brightness-20260913/slider-050-raw-128,gamma22,128,yellow-255,255,255,0,84.073956,101.965091,15.491928
native-gamma22-brightness-20260913/slider-050-raw-128,gamma22,128,red-mix,192,64,64,26.547115,16.358123,6.709688
native-gamma22-brightness-20260913/slider-050-raw-128,gamma22,128,green-mix,64,192,64,23.968621,43.455662,11.903354
native-gamma22-brightness-20260913/slider-050-raw-128,gamma22,128,blue-mix,64,64,192,14.435756,8.903249,56.095742
native-gamma22-brightness-20260913/slider-050-raw-128,gamma22,128,skin-light,194,150,130,40.334594,38.088469,28.051753
native-gamma22-brightness-20260913/slider-050-raw-128,gamma22,128,skin-dark,115,82,68,11.566083,10.526383,6.987405
native-gamma22-brightness-20260913/slider-050-raw-128,gamma22,128,white-end,255,255,255,103.104358,108.610018,118.054711
native-gamma22-brightness-20260913/slider-060-raw-153,gamma22,153,white-start,255,255,255,155.921362,164.398323,177.708696
native-gamma22-brightness-20260913/slider-060-raw-153,gamma22,153,black,0,0,0,0.0,0.0,0.0
native-gamma22-brightness-20260913/slider-060-raw-153,gamma22,153,gray-4,4,4,4,0.0,0.0,0.0
native-gamma22-brightness-20260913/slider-060-raw-153,gamma22,153,gray-8,8,8,8,0.05086,0.050788,0.060249
native-gamma22-brightness-20260913/slider-060-raw-153,gamma22,153,gray-12,12,12,12,0.14139,0.186206,0.142749
native-gamma22-brightness-20260913/slider-060-raw-153,gamma22,153,gray-16,16,16,16,0.283718,0.302062,0.300826
native-gamma22-brightness-20260913/slider-060-raw-153,gamma22,153,gray-24,24,24,24,0.810512,0.888362,0.870272
native-gamma22-brightness-20260913/slider-060-raw-153,gamma22,153,gray-32,32,32,32,1.608905,1.733254,1.798601
native-gamma22-brightness-20260913/slider-060-raw-153,gamma22,153,gray-48,48,48,48,3.802694,4.036894,4.30817
native-gamma22-brightness-20260913/slider-060-raw-153,gamma22,153,gray-64,64,64,64,7.362096,7.866651,8.385399
native-gamma22-brightness-20260913/slider-060-raw-153,gamma22,153,gray-96,96,96,96,17.892749,19.038601,20.247189
native-gamma22-brightness-20260913/slider-060-raw-153,gamma22,153,gray-128,128,128,128,34.081285,36.098411,39.057437
native-gamma22-brightness-20260913/slider-060-raw-153,gamma22,153,gray-160,160,160,160,55.767051,58.863698,64.0869
native-gamma22-brightness-20260913/slider-060-raw-153,gamma22,153,gray-192,192,192,192,82.794461,87.779305,94.274135
native-gamma22-brightness-20260913/slider-060-raw-153,gamma22,153,gray-224,224,224,224,116.827591,123.033808,133.853803
native-gamma22-brightness-20260913/slider-060-raw-153,gamma22,153,gray-240,240,240,240,135.797261,142.905928,154.80438
native-gamma22-brightness-20260913/slider-060-raw-153,gamma22,153,gray-248,248,248,248,145.746883,154.023704,165.995595
native-gamma22-brightness-20260913/slider-060-raw-153,gamma22,153,gray-252,252,252,252,151.502688,159.84902,172.738571
native-gamma22-brightness-20260913/slider-060-raw-153,gamma22,153,red-128,128,0,0,14.688853,7.638814,0.796149
native-gamma22-brightness-20260913/slider-060-raw-153,gamma22,153,red-224,224,0,0,51.004659,26.518024,2.740854
native-gamma22-brightness-20260913/slider-060-raw-153,gamma22,153,red-240,240,0,0,59.817824,31.009588,3.073728
native-gamma22-brightness-20260913/slider-060-raw-153,gamma22,153,red-248,248,0,0,64.961088,33.671273,3.262591
native-gamma22-brightness-20260913/slider-060-raw-153,gamma22,153,red-252,252,0,0,67.082292,34.795882,3.429787
native-gamma22-brightness-20260913/slider-060-raw-153,gamma22,153,red-255,255,0,0,69.244963,35.962405,3.434183
native-gamma22-brightness-20260913/slider-060-raw-153,gamma22,153,green-128,0,128,0,13.21423,26.4277,4.459439
native-gamma22-brightness-20260913/slider-060-raw-153,gamma22,153,green-224,0,224,0,45.463186,91.075913,15.535126
native-gamma22-brightness-20260913/slider-060-raw-153,gamma22,153,green-240,0,240,0,52.950626,106.101187,18.041281
native-gamma22-brightness-20260913/slider-060-raw-153,gamma22,153,green-248,0,248,0,56.858414,113.763401,19.205008
native-gamma22-brightness-20260913/slider-060-raw-153,gamma22,153,green-252,0,252,0,59.063952,118.245046,19.826111
native-gamma22-brightness-20260913/slider-060-raw-153,gamma22,153,green-255,0,255,0,60.606027,121.669888,20.396947
native-gamma22-brightness-20260913/slider-060-raw-153,gamma22,153,blue-128,0,0,128,6.600231,2.670826,34.671813
native-gamma22-brightness-20260913/slider-060-raw-153,gamma22,153,blue-224,0,0,224,22.481503,9.073238,117.837254
native-gamma22-brightness-20260913/slider-060-raw-153,gamma22,153,blue-240,0,0,240,26.369866,10.640399,138.263882
native-gamma22-brightness-20260913/slider-060-raw-153,gamma22,153,blue-248,0,0,248,28.397662,11.430115,148.619242
native-gamma22-brightness-20260913/slider-060-raw-153,gamma22,153,blue-252,0,0,252,29.23231,11.806103,153.2627
native-gamma22-brightness-20260913/slider-060-raw-153,gamma22,153,blue-255,0,0,255,30.129978,12.11539,157.97723
native-gamma22-brightness-20260913/slider-060-raw-153,gamma22,153,cyan-128,0,128,128,19.648546,28.774444,38.172899
native-gamma22-brightness-20260913/slider-060-raw-153,gamma22,153,cyan-224,0,224,224,66.891649,98.45585,130.853632
native-gamma22-brightness-20260913/slider-060-raw-153,gamma22,153,cyan-240,0,240,240,77.585842,114.37737,151.629308
native-gamma22-brightness-20260913/slider-060-raw-153,gamma22,153,cyan-248,0,248,248,83.467379,122.485446,164.401467
native-gamma22-brightness-20260913/slider-060-raw-153,gamma22,153,cyan-252,0,252,252,86.46766,127.238793,169.380364
native-gamma22-brightness-20260913/slider-060-raw-153,gamma22,153,cyan-255,0,255,255,88.663863,130.652135,174.526954
native-gamma22-brightness-20260913/slider-060-raw-153,gamma22,153,magenta-128,128,0,128,21.362806,10.319463,34.729337
native-gamma22-brightness-20260913/slider-060-raw-153,gamma22,153,magenta-224,224,0,224,73.081786,35.338372,119.085414
native-gamma22-brightness-20260913/slider-060-raw-153,gamma22,153,magenta-240,240,0,240,85.706333,41.375868,139.580175
native-gamma22-brightness-20260913/slider-060-raw-153,gamma22,153,magenta-248,248,0,248,92.391858,44.549992,150.003957
native-gamma22-brightness-20260913/slider-060-raw-153,gamma22,153,magenta-252,252,0,252,95.651074,46.084437,156.364305
native-gamma22-brightness-20260913/slider-060-raw-153,gamma22,153,magenta-255,255,0,255,98.554351,47.493065,160.958137
native-gamma22-brightness-20260913/slider-060-raw-153,gamma22,153,yellow-128,128,128,0,27.691831,33.753032,5.035498
native-gamma22-brightness-20260913/slider-060-raw-153,gamma22,153,yellow-224,224,224,0,95.11867,115.535719,17.726976
native-gamma22-brightness-20260913/slider-060-raw-153,gamma22,153,yellow-240,240,240,0,110.998027,134.448538,20.503607
native-gamma22-brightness-20260913/slider-060-raw-153,gamma22,153,yellow-248,248,248,0,119.457405,145.136362,22.175215
native-gamma22-brightness-20260913/slider-060-raw-153,gamma22,153,yellow-252,252,252,0,124.215158,150.872244,22.792188
native-gamma22-brightness-20260913/slider-060-raw-153,gamma22,153,yellow-255,255,255,0,127.702017,155.020699,23.348295
native-gamma22-brightness-20260913/slider-060-raw-153,gamma22,153,red-mix,192,64,64,40.583962,24.971889,10.184533
native-gamma22-brightness-20260913/slider-060-raw-153,gamma22,153,green-mix,64,192,64,36.578505,66.39049,18.064494
native-gamma22-brightness-20260913/slider-060-raw-153,gamma22,153,blue-mix,64,64,192,21.916914,13.510958,85.124078
native-gamma22-brightness-20260913/slider-060-raw-153,gamma22,153,skin-light,194,150,130,61.485611,58.03467,42.493856
native-gamma22-brightness-20260913/slider-060-raw-153,gamma22,153,skin-dark,115,82,68,17.657438,16.065459,10.62682
native-gamma22-brightness-20260913/slider-060-raw-153,gamma22,153,white-end,255,255,255,155.796884,164.291763,177.70827
native-gamma22-brightness-20260913/slider-070-raw-179,gamma22,179,white-start,255,255,255,232.586906,245.292595,265.408169
native-gamma22-brightness-20260913/slider-070-raw-179,gamma22,179,black,0,0,0,0.0,0.0,0.0
native-gamma22-brightness-20260913/slider-070-raw-179,gamma22,179,gray-4,4,4,4,0.0,0.0,0.0
native-gamma22-brightness-20260913/slider-070-raw-179,gamma22,179,gray-8,8,8,8,0.074288,0.074945,0.090479
native-gamma22-brightness-20260913/slider-070-raw-179,gamma22,179,gray-12,12,12,12,0.205946,0.274022,0.20758
native-gamma22-brightness-20260913/slider-070-raw-179,gamma22,179,gray-16,16,16,16,0.415494,0.443107,0.438782
native-gamma22-brightness-20260913/slider-070-raw-179,gamma22,179,gray-24,24,24,24,1.174785,1.287841,1.260216
native-gamma22-brightness-20260913/slider-070-raw-179,gamma22,179,gray-32,32,32,32,2.34691,2.523527,2.612254
native-gamma22-brightness-20260913/slider-070-raw-179,gamma22,179,gray-48,48,48,48,5.566341,5.901234,6.297789
native-gamma22-brightness-20260913/slider-070-raw-179,gamma22,179,gray-64,64,64,64,10.729957,11.443459,12.263648
native-gamma22-brightness-20260913/slider-070-raw-179,gamma22,179,gray-96,96,96,96,26.220345,27.795131,29.724906
native-gamma22-brightness-20260913/slider-070-raw-179,gamma22,179,gray-128,128,128,128,50.249723,53.148977,57.873946
native-gamma22-brightness-20260913/slider-070-raw-179,gamma22,179,gray-160,160,160,160,82.377763,86.872694,94.620831
native-gamma22-brightness-20260913/slider-070-raw-179,gamma22,179,gray-192,192,192,192,122.780454,130.025831,139.723531
native-gamma22-brightness-20260913/slider-070-raw-179,gamma22,179,gray-224,224,224,224,173.583454,182.658649,199.180177
native-gamma22-brightness-20260913/slider-070-raw-179,gamma22,179,gray-240,240,240,240,202.121646,212.649271,230.607394
native-gamma22-brightness-20260913/slider-070-raw-179,gamma22,179,gray-248,248,248,248,217.182055,229.41772,247.659497
native-gamma22-brightness-20260913/slider-070-raw-179,gamma22,179,gray-252,252,252,252,225.827975,238.263813,257.59824
native-gamma22-brightness-20260913/slider-070-raw-179,gamma22,179,red-128,128,0,0,21.61765,11.219869,1.152496
native-gamma22-brightness-20260913/slider-070-raw-179,gamma22,179,red-224,224,0,0,76.449186,39.602953,3.971227
native-gamma22-brightness-20260913/slider-070-raw-179,gamma22,179,red-240,240,0,0,89.714809,46.345148,4.47327
native-gamma22-brightness-20260913/slider-070-raw-179,gamma22,179,red-248,248,0,0,97.389339,50.296181,4.734867
native-gamma22-brightness-20260913/slider-070-raw-179,gamma22,179,red-252,252,0,0,100.61524,51.997522,4.976247
native-gamma22-brightness-20260913/slider-070-raw-179,gamma22,179,red-255,255,0,0,103.887043,53.749079,4.988481
native-gamma22-brightness-20260913/slider-070-raw-179,gamma22,179,green-128,0,128,0,19.328982,38.80719,6.505088
native-gamma22-brightness-20260913/slider-070-raw-179,gamma22,179,green-224,0,224,0,67.22611,135.420805,22.713099
native-gamma22-brightness-20260913/slider-070-raw-179,gamma22,179,green-240,0,240,0,78.461962,158.217678,26.418906
native-gamma22-brightness-20260913/slider-070-raw-179,gamma22,179,green-248,0,248,0,84.419282,169.878645,28.126238
native-gamma22-brightness-20260913/slider-070-raw-179,gamma22,179,green-252,0,252,0,87.698407,176.815773,29.07708
native-gamma22-brightness-20260913/slider-070-raw-179,gamma22,179,green-255,0,255,0,90.044958,182.051417,29.913713
native-gamma22-brightness-20260913/slider-070-raw-179,gamma22,179,blue-128,0,0,128,9.74369,3.918962,51.323064
native-gamma22-brightness-20260913/slider-070-raw-179,gamma22,179,blue-224,0,0,224,33.482208,13.417072,176.086369
native-gamma22-brightness-20260913/slider-070-raw-179,gamma22,179,blue-240,0,0,240,39.307726,15.74007,206.830363
native-gamma22-brightness-20260913/slider-070-raw-179,gamma22,179,blue-248,0,0,248,42.427329,16.935186,222.761345
native-gamma22-brightness-20260913/slider-070-raw-179,gamma22,179,blue-252,0,0,252,43.635817,17.502987,229.779231
native-gamma22-brightness-20260913/slider-070-raw-179,gamma22,179,blue-255,0,0,255,45.041911,17.983596,237.114611
native-gamma22-brightness-20260913/slider-070-raw-179,gamma22,179,cyan-128,0,128,128,28.983631,42.298034,56.634946
native-gamma22-brightness-20260913/slider-070-raw-179,gamma22,179,cyan-224,0,224,224,98.947314,145.841201,194.944163
native-gamma22-brightness-20260913/slider-070-raw-179,gamma22,179,cyan-240,0,240,240,115.080995,169.968373,226.551339
native-gamma22-brightness-20260913/slider-070-raw-179,gamma22,179,cyan-248,0,248,248,123.864423,182.376266,245.888828
native-gamma22-brightness-20260913/slider-070-raw-179,gamma22,179,cyan-252,0,252,252,128.390816,189.563816,253.534303
native-gamma22-brightness-20260913/slider-070-raw-179,gamma22,179,cyan-255,0,255,255,131.787807,194.866942,261.343804
native-gamma22-brightness-20260913/slider-070-raw-179,gamma22,179,magenta-128,128,0,128,31.468458,15.16549,51.475399
native-gamma22-brightness-20260913/slider-070-raw-179,gamma22,179,magenta-224,224,0,224,109.116592,52.477457,177.918653
native-gamma22-brightness-20260913/slider-070-raw-179,gamma22,179,magenta-240,240,0,240,127.771164,61.411909,208.484278
native-gamma22-brightness-20260913/slider-070-raw-179,gamma22,179,magenta-248,248,0,248,137.818451,66.173767,224.208217
native-gamma22-brightness-20260913/slider-070-raw-179,gamma22,179,magenta-252,252,0,252,142.637534,68.406707,233.925116
native-gamma22-brightness-20260913/slider-070-raw-179,gamma22,179,magenta-255,255,0,255,147.130688,70.575619,241.169141
native-gamma22-brightness-20260913/slider-070-raw-179,gamma22,179,yellow-128,128,128,0,40.774064,49.64736,7.362564
native-gamma22-brightness-20260913/slider-070-raw-179,gamma22,179,yellow-224,224,224,0,141.76649,171.989167,25.88275
native-gamma22-brightness-20260913/slider-070-raw-179,gamma22,179,yellow-240,240,240,0,165.96704,200.910145,30.010335
native-gamma22-brightness-20260913/slider-070-raw-179,gamma22,179,yellow-248,248,248,0,178.817906,217.149153,32.467928
native-gamma22-brightness-20260913/slider-070-raw-179,gamma22,179,yellow-252,252,252,0,185.847865,225.715251,33.328337
native-gamma22-brightness-20260913/slider-070-raw-179,gamma22,179,yellow-255,255,255,0,191.302503,232.175289,34.180018
native-gamma22-brightness-20260913/slider-070-raw-179,gamma22,179,red-mix,192,64,64,60.403768,36.967235,14.846622
native-gamma22-brightness-20260913/slider-070-raw-179,gamma22,179,green-mix,64,192,64,53.981066,98.49243,26.441515
native-gamma22-brightness-20260913/slider-070-raw-179,gamma22,179,blue-mix,64,64,192,32.30778,19.746221,126.729657
native-gamma22-brightness-20260913/slider-070-raw-179,gamma22,179,skin-light,194,150,130,91.148578,85.722954,62.761345
native-gamma22-brightness-20260913/slider-070-raw-179,gamma22,179,skin-dark,115,82,68,25.908396,23.505654,15.513245
native-gamma22-brightness-20260913/slider-070-raw-179,gamma22,179,white-end,255,255,255,232.466952,245.114403,265.583735
native-gamma22-brightness-20260913/slider-080-raw-204,gamma22,204,white-start,255,255,255,320.645536,337.905095,365.888007
native-gamma22-brightness-20260913/slider-080-raw-204,gamma22,204,black,0,0,0,0.0,0.0,0.0
native-gamma22-brightness-20260913/slider-080-raw-204,gamma22,204,gray-4,4,4,4,0.0,0.0,0.0
native-gamma22-brightness-20260913/slider-080-raw-204,gamma22,204,gray-8,8,8,8,0.100302,0.102307,0.123023
native-gamma22-brightness-20260913/slider-080-raw-204,gamma22,204,gray-12,12,12,12,0.278204,0.372935,0.281144
native-gamma22-brightness-20260913/slider-080-raw-204,gamma22,204,gray-16,16,16,16,0.568336,0.606282,0.598512
native-gamma22-brightness-20260913/slider-080-raw-204,gamma22,204,gray-24,24,24,24,1.592202,1.746002,1.706679
native-gamma22-brightness-20260913/slider-080-raw-204,gamma22,204,gray-32,32,32,32,3.188141,3.43081,3.546344
native-gamma22-brightness-20260913/slider-080-raw-204,gamma22,204,gray-48,48,48,48,7.623041,8.071075,8.621999
native-gamma22-brightness-20260913/slider-080-raw-204,gamma22,204,gray-64,64,64,64,14.61983,15.574087,16.729078
native-gamma22-brightness-20260913/slider-080-raw-204,gamma22,204,gray-96,96,96,96,35.868221,38.025402,40.834382
native-gamma22-brightness-20260913/slider-080-raw-204,gamma22,204,gray-128,128,128,128,68.887421,72.71395,79.706676
native-gamma22-brightness-20260913/slider-080-raw-204,gamma22,204,gray-160,160,160,160,113.153666,119.289505,129.948044
native-gamma22-brightness-20260913/slider-080-raw-204,gamma22,204,gray-192,192,192,192,169.191003,178.899983,192.627205
native-gamma22-brightness-20260913/slider-080-raw-204,gamma22,204,gray-224,224,224,224,238.952133,251.385216,274.094506
native-gamma22-brightness-20260913/slider-080-raw-204,gamma22,204,gray-240,240,240,240,278.716409,293.057793,317.949137
native-gamma22-brightness-20260913/slider-080-raw-204,gamma22,204,gray-248,248,248,248,299.508936,316.092535,341.395163
native-gamma22-brightness-20260913/slider-080-raw-204,gamma22,204,gray-252,252,252,252,311.488819,328.436228,355.238928
native-gamma22-brightness-20260913/slider-080-raw-204,gamma22,204,red-128,128,0,0,29.669651,15.37926,1.567043
native-gamma22-brightness-20260913/slider-080-raw-204,gamma22,204,red-224,224,0,0,106.119264,54.856207,5.403958
native-gamma22-brightness-20260913/slider-080-raw-204,gamma22,204,red-240,240,0,0,124.4512,64.147126,6.073579
native-gamma22-brightness-20260913/slider-080-raw-204,gamma22,204,red-248,248,0,0,135.090546,69.597806,6.420938
native-gamma22-brightness-20260913/slider-080-raw-204,gamma22,204,red-252,252,0,0,139.741743,72.045838,6.764686
native-gamma22-brightness-20260913/slider-080-raw-204,gamma22,204,red-255,255,0,0,144.301032,74.470829,6.766524
native-gamma22-brightness-20260913/slider-080-raw-204,gamma22,204,green-128,0,128,0,26.439216,53.163688,8.89089
native-gamma22-brightness-20260913/slider-080-raw-204,gamma22,204,green-224,0,224,0,92.666936,187.496981,31.043703
native-gamma22-brightness-20260913/slider-080-raw-204,gamma22,204,green-240,0,240,0,108.23087,219.394086,36.09126
native-gamma22-brightness-20260913/slider-080-raw-204,gamma22,204,green-248,0,248,0,116.428803,235.717783,38.458947
native-gamma22-brightness-20260913/slider-080-raw-204,gamma22,204,green-252,0,252,0,121.012993,245.141154,39.764358
native-gamma22-brightness-20260913/slider-080-raw-204,gamma22,204,green-255,0,255,0,124.334251,252.716804,40.881385
native-gamma22-brightness-20260913/slider-080-raw-204,gamma22,204,blue-128,0,0,128,13.4302,5.384593,70.864984
native-gamma22-brightness-20260913/slider-080-raw-204,gamma22,204,blue-224,0,0,224,46.273825,18.463387,243.917521
native-gamma22-brightness-20260913/slider-080-raw-204,gamma22,204,blue-240,0,0,240,54.320785,21.673869,286.537529
native-gamma22-brightness-20260913/slider-080-raw-204,gamma22,204,blue-248,0,0,248,58.629636,23.330099,308.811422
native-gamma22-brightness-20260913/slider-080-raw-204,gamma22,204,blue-252,0,0,252,60.373406,24.122363,318.596364
native-gamma22-brightness-20260913/slider-080-raw-204,gamma22,204,blue-255,0,0,255,62.260158,24.735494,328.618994
native-gamma22-brightness-20260913/slider-080-raw-204,gamma22,204,cyan-128,0,128,128,39.537972,57.753491,78.113623
native-gamma22-brightness-20260913/slider-080-raw-204,gamma22,204,cyan-224,0,224,224,135.883558,201.034168,269.158249
native-gamma22-brightness-20260913/slider-080-raw-204,gamma22,204,cyan-240,0,240,240,158.401259,234.69267,313.195439
native-gamma22-brightness-20260913/slider-080-raw-204,gamma22,204,cyan-248,0,248,248,170.272052,251.478737,339.804925
native-gamma22-brightness-20260913/slider-080-raw-204,gamma22,204,cyan-252,0,252,252,176.625458,261.428669,350.472089
native-gamma22-brightness-20260913/slider-080-raw-204,gamma22,204,cyan-255,0,255,255,181.25671,268.694556,360.945042
native-gamma22-brightness-20260913/slider-080-raw-204,gamma22,204,magenta-128,128,0,128,43.130182,20.756077,70.961413
native-gamma22-brightness-20260913/slider-080-raw-204,gamma22,204,magenta-224,224,0,224,150.484461,72.223796,245.586408
native-gamma22-brightness-20260913/slider-080-raw-204,gamma22,204,magenta-240,240,0,240,176.200028,84.417452,288.165146
native-gamma22-brightness-20260913/slider-080-raw-204,gamma22,204,magenta-248,248,0,248,190.306039,91.056745,310.425589
native-gamma22-brightness-20260913/slider-080-raw-204,gamma22,204,magenta-252,252,0,252,197.120479,94.196837,323.675653
native-gamma22-brightness-20260913/slider-080-raw-204,gamma22,204,magenta-255,255,0,255,203.423518,97.194544,333.746174
native-gamma22-brightness-20260913/slider-080-raw-204,gamma22,204,yellow-128,128,128,0,56.003801,68.10576,10.088693
native-gamma22-brightness-20260913/slider-080-raw-204,gamma22,204,yellow-224,224,224,0,196.019016,237.735141,35.253771
native-gamma22-brightness-20260913/slider-080-raw-204,gamma22,204,yellow-240,240,240,0,229.790747,278.089471,40.971996
native-gamma22-brightness-20260913/slider-080-raw-204,gamma22,204,yellow-248,248,248,0,247.636251,300.693884,44.284043
native-gamma22-brightness-20260913/slider-080-raw-204,gamma22,204,yellow-252,252,252,0,257.579949,312.653382,45.411371
native-gamma22-brightness-20260913/slider-080-raw-204,gamma22,204,yellow-255,255,255,0,265.182933,321.735832,46.699007
native-gamma22-brightness-20260913/slider-080-raw-204,gamma22,204,red-mix,192,64,64,83.638856,50.950436,20.202987
native-gamma22-brightness-20260913/slider-080-raw-204,gamma22,204,green-mix,64,192,64,74.265073,135.993247,36.148676
native-gamma22-brightness-20260913/slider-080-raw-204,gamma22,204,blue-mix,64,64,192,44.438418,26.993183,175.157285
native-gamma22-brightness-20260913/slider-080-raw-204,gamma22,204,skin-light,194,150,130,125.823014,117.760477,86.227172
native-gamma22-brightness-20260913/slider-080-raw-204,gamma22,204,skin-dark,115,82,68,35.448071,32.081257,21.15326
native-gamma22-brightness-20260913/slider-080-raw-204,gamma22,204,white-end,255,255,255,320.592532,337.872856,366.064654
native-gamma22-brightness-20260913/slider-090-raw-230,gamma22,230,white-start,255,255,255,443.777493,468.197336,504.552198
native-gamma22-brightness-20260913/slider-090-raw-230,gamma22,230,black,0,0,0,0.0,0.0,0.0
native-gamma22-brightness-20260913/slider-090-raw-230,gamma22,230,gray-4,4,4,4,0.0,0.0,0.0
native-gamma22-brightness-20260913/slider-090-raw-230,gamma22,230,gray-8,8,8,8,0.135097,0.139138,0.166162
native-gamma22-brightness-20260913/slider-090-raw-230,gamma22,230,gray-12,12,12,12,0.377916,0.509561,0.381407
native-gamma22-brightness-20260913/slider-090-raw-230,gamma22,230,gray-16,16,16,16,0.789671,0.839176,0.831084
native-gamma22-brightness-20260913/slider-090-raw-230,gamma22,230,gray-24,24,24,24,2.209834,2.416853,2.366794
native-gamma22-brightness-20260913/slider-090-raw-230,gamma22,230,gray-32,32,32,32,4.433638,4.766407,4.933422
native-gamma22-brightness-20260913/slider-090-raw-230,gamma22,230,gray-48,48,48,48,10.696434,11.315908,12.120225
native-gamma22-brightness-20260913/slider-090-raw-230,gamma22,230,gray-64,64,64,64,20.362935,21.667146,23.373692
native-gamma22-brightness-20260913/slider-090-raw-230,gamma22,230,gray-96,96,96,96,50.059726,53.142253,56.991285
native-gamma22-brightness-20260913/slider-090-raw-230,gamma22,230,gray-128,128,128,128,95.793447,101.205577,110.950632
native-gamma22-brightness-20260913/slider-090-raw-230,gamma22,230,gray-160,160,160,160,157.462804,166.123382,180.191687
native-gamma22-brightness-20260913/slider-090-raw-230,gamma22,230,gray-192,192,192,192,235.382597,249.337247,267.377312
native-gamma22-brightness-20260913/slider-090-raw-230,gamma22,230,gray-224,224,224,224,331.138324,348.732795,378.840844
native-gamma22-brightness-20260913/slider-090-raw-230,gamma22,230,gray-240,240,240,240,385.716498,406.055023,438.854507
native-gamma22-brightness-20260913/slider-090-raw-230,gamma22,230,gray-248,248,248,248,414.520407,437.863742,470.828017
native-gamma22-brightness-20260913/slider-090-raw-230,gamma22,230,gray-252,252,252,252,430.861434,454.79613,489.642561
native-gamma22-brightness-20260913/slider-090-raw-230,gamma22,230,red-128,128,0,0,41.538482,21.50819,2.168895
native-gamma22-brightness-20260913/slider-090-raw-230,gamma22,230,red-224,224,0,0,148.77962,76.849231,7.498536
native-gamma22-brightness-20260913/slider-090-raw-230,gamma22,230,red-240,240,0,0,174.516945,89.854346,8.434594
native-gamma22-brightness-20260913/slider-090-raw-230,gamma22,230,red-248,248,0,0,189.333922,97.452529,8.921496
native-gamma22-brightness-20260913/slider-090-raw-230,gamma22,230,red-252,252,0,0,195.797567,100.842031,9.402082
native-gamma22-brightness-20260913/slider-090-raw-230,gamma22,230,red-255,255,0,0,202.31884,104.292539,9.417903
native-gamma22-brightness-20260913/slider-090-raw-230,gamma22,230,green-128,0,128,0,36.968289,74.386737,12.438029
native-gamma22-brightness-20260913/slider-090-raw-230,gamma22,230,green-224,0,224,0,129.156549,261.922161,43.067066
native-gamma22-brightness-20260913/slider-090-raw-230,gamma22,230,green-240,0,240,0,150.880777,306.68003,50.107314
native-gamma22-brightness-20260913/slider-090-raw-230,gamma22,230,green-248,0,248,0,162.497266,329.713771,53.453402
native-gamma22-brightness-20260913/slider-090-raw-230,gamma22,230,green-252,0,252,0,168.783061,343.013391,55.141277
native-gamma22-brightness-20260913/slider-090-raw-230,gamma22,230,green-255,0,255,0,173.274861,353.226036,56.808116
native-gamma22-brightness-20260913/slider-090-raw-230,gamma22,230,blue-128,0,0,128,18.769443,7.502409,99.171715
native-gamma22-brightness-20260913/slider-090-raw-230,gamma22,230,blue-224,0,0,224,64.406412,25.648447,339.614594
native-gamma22-brightness-20260913/slider-090-raw-230,gamma22,230,blue-240,0,0,240,75.483546,30.06307,398.388682
native-gamma22-brightness-20260913/slider-090-raw-230,gamma22,230,blue-248,0,0,248,81.456393,32.364916,429.128211
native-gamma22-brightness-20260913/slider-090-raw-230,gamma22,230,blue-252,0,0,252,83.835311,33.418431,442.73294
native-gamma22-brightness-20260913/slider-090-raw-230,gamma22,230,blue-255,0,0,255,86.467343,34.284826,456.86476
native-gamma22-brightness-20260913/slider-090-raw-230,gamma22,230,cyan-128,0,128,128,55.099125,80.628875,109.004718
native-gamma22-brightness-20260913/slider-090-raw-230,gamma22,230,cyan-224,0,224,224,188.239437,279.199665,373.02813
native-gamma22-brightness-20260913/slider-090-raw-230,gamma22,230,cyan-240,0,240,240,219.152951,325.641665,433.404348
native-gamma22-brightness-20260913/slider-090-raw-230,gamma22,230,cyan-248,0,248,248,235.737274,349.130428,470.30428
native-gamma22-brightness-20260913/slider-090-raw-230,gamma22,230,cyan-252,0,252,252,244.365742,362.987969,484.708789
native-gamma22-brightness-20260913/slider-090-raw-230,gamma22,230,cyan-255,0,255,255,250.845941,373.069509,499.264047
native-gamma22-brightness-20260913/slider-090-raw-230,gamma22,230,magenta-128,128,0,128,60.293332,28.947182,99.29485
native-gamma22-brightness-20260913/slider-090-raw-230,gamma22,230,magenta-224,224,0,224,209.554056,100.37939,341.168795
native-gamma22-brightness-20260913/slider-090-raw-230,gamma22,230,magenta-240,240,0,240,244.976948,117.0882,399.470735
native-gamma22-brightness-20260913/slider-090-raw-230,gamma22,230,magenta-248,248,0,248,264.235076,126.184761,430.035019
native-gamma22-brightness-20260913/slider-090-raw-230,gamma22,230,magenta-252,252,0,252,273.449292,130.461692,448.232126
native-gamma22-brightness-20260913/slider-090-raw-230,gamma22,230,magenta-255,255,0,255,282.125649,134.614598,462.013081
native-gamma22-brightness-20260913/slider-090-raw-230,gamma22,230,yellow-128,128,128,0,78.180649,95.026373,14.126708
native-gamma22-brightness-20260913/slider-090-raw-230,gamma22,230,yellow-224,224,224,0,273.181654,331.519842,48.698289
native-gamma22-brightness-20260913/slider-090-raw-230,gamma22,230,yellow-240,240,240,0,320.288082,387.776323,56.433883
native-gamma22-brightness-20260913/slider-090-raw-230,gamma22,230,yellow-248,248,248,0,345.133014,419.301077,61.034908
native-gamma22-brightness-20260913/slider-090-raw-230,gamma22,230,yellow-252,252,252,0,359.067368,436.090128,62.719564
native-gamma22-brightness-20260913/slider-090-raw-230,gamma22,230,yellow-255,255,255,0,369.790351,448.844783,64.380892
native-gamma22-brightness-20260913/slider-090-raw-230,gamma22,230,red-mix,192,64,64,117.179258,71.237084,28.081688
native-gamma22-brightness-20260913/slider-090-raw-230,gamma22,230,green-mix,64,192,64,103.744314,190.575001,50.278672
native-gamma22-brightness-20260913/slider-090-raw-230,gamma22,230,blue-mix,64,64,192,61.793308,37.412757,244.264401
native-gamma22-brightness-20260913/slider-090-raw-230,gamma22,230,skin-light,194,150,130,175.414719,164.158787,119.831294
native-gamma22-brightness-20260913/slider-090-raw-230,gamma22,230,skin-dark,115,82,68,49.468964,44.763291,29.468977
native-gamma22-brightness-20260913/slider-090-raw-230,gamma22,230,white-end,255,255,255,443.394639,467.69231,504.549186
native-gamma22-brightness-20260913/slider-100-raw-255,gamma22,255,white-start,255,255,255,579.735981,613.171633,656.725145
native-gamma22-brightness-20260913/slider-100-raw-255,gamma22,255,black,0,0,0,0.0,0.0,0.0
native-gamma22-brightness-20260913/slider-100-raw-255,gamma22,255,gray-4,4,4,4,0.0,0.0,0.0
native-gamma22-brightness-20260913/slider-100-raw-255,gamma22,255,gray-8,8,8,8,0.174378,0.181678,0.2132
native-gamma22-brightness-20260913/slider-100-raw-255,gamma22,255,gray-12,12,12,12,0.494611,0.670567,0.496017
native-gamma22-brightness-20260913/slider-100-raw-255,gamma22,255,gray-16,16,16,16,1.049107,1.111058,1.100692
native-gamma22-brightness-20260913/slider-100-raw-255,gamma22,255,gray-24,24,24,24,2.938795,3.211251,3.148622
native-gamma22-brightness-20260913/slider-100-raw-255,gamma22,255,gray-32,32,32,32,5.939036,6.384573,6.605548
native-gamma22-brightness-20260913/slider-100-raw-255,gamma22,255,gray-48,48,48,48,14.421538,15.26453,16.355622
native-gamma22-brightness-20260913/slider-100-raw-255,gamma22,255,gray-64,64,64,64,27.279786,28.982904,31.306117
native-gamma22-brightness-20260913/slider-100-raw-255,gamma22,255,gray-96,96,96,96,66.854389,71.065417,76.166571
native-gamma22-brightness-20260913/slider-100-raw-255,gamma22,255,gray-128,128,128,128,127.495415,134.905984,147.522639
native-gamma22-brightness-20260913/slider-100-raw-255,gamma22,255,gray-160,160,160,160,208.393187,220.422984,237.366609
native-gamma22-brightness-20260913/slider-100-raw-255,gamma22,255,gray-192,192,192,192,310.546865,329.41081,351.188673
native-gamma22-brightness-20260913/slider-100-raw-255,gamma22,255,gray-224,224,224,224,434.557291,458.593704,494.608937
native-gamma22-brightness-20260913/slider-100-raw-255,gamma22,255,gray-240,240,240,240,505.454928,533.123658,572.026279
native-gamma22-brightness-20260913/slider-100-raw-255,gamma22,255,gray-248,248,248,248,542.19699,574.126281,613.061763
native-gamma22-brightness-20260913/slider-100-raw-255,gamma22,255,gray-252,252,252,252,563.247481,596.162234,637.380464
native-gamma22-brightness-20260913/slider-100-raw-255,gamma22,255,red-128,128,0,0,55.440876,28.701143,2.892922
native-gamma22-brightness-20260913/slider-100-raw-255,gamma22,255,red-224,224,0,0,197.890411,102.291928,10.002903
native-gamma22-brightness-20260913/slider-100-raw-255,gamma22,255,red-240,240,0,0,231.492159,119.254163,11.255507
native-gamma22-brightness-20260913/slider-100-raw-255,gamma22,255,red-248,248,0,0,250.966635,129.210742,11.898681
native-gamma22-brightness-20260913/slider-100-raw-255,gamma22,255,red-252,252,0,0,259.618347,133.735171,12.542348
native-gamma22-brightness-20260913/slider-100-raw-255,gamma22,255,red-255,255,0,0,268.178627,138.270276,12.560651
native-gamma22-brightness-20260913/slider-100-raw-255,gamma22,255,green-128,0,128,0,49.484097,99.604383,16.723614
native-gamma22-brightness-20260913/slider-100-raw-255,gamma22,255,green-224,0,224,0,171.252411,347.665091,57.117818
native-gamma22-brightness-20260913/slider-100-raw-255,gamma22,255,green-240,0,240,0,199.945497,406.967212,66.38472
native-gamma22-brightness-20260913/slider-100-raw-255,gamma22,255,green-248,0,248,0,215.023052,436.974021,70.664674
native-gamma22-brightness-20260913/slider-100-raw-255,gamma22,255,green-252,0,252,0,223.526838,454.618212,73.090434
native-gamma22-brightness-20260913/slider-100-raw-255,gamma22,255,green-255,0,255,0,229.361445,468.08971,75.135531
native-gamma22-brightness-20260913/slider-100-raw-255,gamma22,255,blue-128,0,0,128,24.996939,9.973919,132.168089
native-gamma22-brightness-20260913/slider-100-raw-255,gamma22,255,blue-224,0,0,224,84.728137,33.820053,446.796649
native-gamma22-brightness-20260913/slider-100-raw-255,gamma22,255,blue-240,0,0,240,99.185217,39.523376,522.76375
native-gamma22-brightness-20260913/slider-100-raw-255,gamma22,255,blue-248,0,0,248,106.974699,42.538473,563.043299
native-gamma22-brightness-20260913/slider-100-raw-255,gamma22,255,blue-252,0,0,252,110.064434,43.926443,580.711967
native-gamma22-brightness-20260913/slider-100-raw-255,gamma22,255,blue-255,0,0,255,113.598342,45.051197,599.259482
native-gamma22-brightness-20260913/slider-100-raw-255,gamma22,255,cyan-128,0,128,128,73.359289,107.600819,144.869849
native-gamma22-brightness-20260913/slider-100-raw-255,gamma22,255,cyan-224,0,224,224,247.324929,368.057392,488.454007
native-gamma22-brightness-20260913/slider-100-raw-255,gamma22,255,cyan-240,0,240,240,287.717581,429.15745,566.595671
native-gamma22-brightness-20260913/slider-100-raw-255,gamma22,255,cyan-248,0,248,248,309.435228,459.938101,614.496499
native-gamma22-brightness-20260913/slider-100-raw-255,gamma22,255,cyan-252,0,252,252,320.577235,477.813846,633.168374
native-gamma22-brightness-20260913/slider-100-raw-255,gamma22,255,cyan-255,0,255,255,328.838738,490.976514,651.985514
native-gamma22-brightness-20260913/slider-100-raw-255,gamma22,255,magenta-128,128,0,128,80.188769,38.538477,132.157948
native-gamma22-brightness-20260913/slider-100-raw-255,gamma22,255,magenta-224,224,0,224,276.007567,132.244597,447.530157
native-gamma22-brightness-20260913/slider-100-raw-255,gamma22,255,magenta-240,240,0,240,322.064174,154.01212,522.969684
native-gamma22-brightness-20260913/slider-100-raw-255,gamma22,255,magenta-248,248,0,248,347.134443,165.771485,562.366718
native-gamma22-brightness-20260913/slider-100-raw-255,gamma22,255,magenta-252,252,0,252,359.077916,171.329433,586.040775
native-gamma22-brightness-20260913/slider-100-raw-255,gamma22,255,magenta-255,255,0,255,370.624075,176.817991,604.415022
native-gamma22-brightness-20260913/slider-100-raw-255,gamma22,255,yellow-128,128,128,0,104.345717,126.965205,18.94734
native-gamma22-brightness-20260913/slider-100-raw-255,gamma22,255,yellow-224,224,224,0,361.098043,438.7133,64.502025
native-gamma22-brightness-20260913/slider-100-raw-255,gamma22,255,yellow-240,240,240,0,422.587567,512.492631,74.457273
native-gamma22-brightness-20260913/slider-100-raw-255,gamma22,255,yellow-248,248,248,0,455.020153,553.808978,80.529522
native-gamma22-brightness-20260913/slider-100-raw-255,gamma22,255,yellow-252,252,252,0,472.883109,575.538607,82.59617
native-gamma22-brightness-20260913/slider-100-raw-255,gamma22,255,yellow-255,255,255,0,486.715979,592.19155,84.810111
native-gamma22-brightness-20260913/slider-100-raw-255,gamma22,255,red-mix,192,64,64,155.989393,94.853629,37.269267
native-gamma22-brightness-20260913/slider-100-raw-255,gamma22,255,green-mix,64,192,64,138.035532,253.714218,66.977018
native-gamma22-brightness-20260913/slider-100-raw-255,gamma22,255,blue-mix,64,64,192,81.836552,49.620111,322.564269
native-gamma22-brightness-20260913/slider-100-raw-255,gamma22,255,skin-light,194,150,130,232.642012,217.917698,158.593795
native-gamma22-brightness-20260913/slider-100-raw-255,gamma22,255,skin-dark,115,82,68,66.170872,59.991898,39.309522
native-gamma22-brightness-20260913/slider-100-raw-255,gamma22,255,white-end,255,255,255,579.291071,612.777632,656.546796
native-srgb-reference-20260913,srgb,173,white-start,255,255,255,213.728831,225.3305,243.749384
native-srgb-reference-20260913,srgb,173,black,0,0,0,0.0,0.0,0.0
native-srgb-reference-20260913,srgb,173,gray-4,4,4,4,0.192736,0.254445,0.193408
native-srgb-reference-20260913,srgb,173,gray-8,8,8,8,0.588544,0.623617,0.637141
native-srgb-reference-20260913,srgb,173,gray-12,12,12,12,0.873725,0.965548,0.928578
native-srgb-reference-20260913,srgb,173,gray-16,16,16,16,1.175238,1.229892,1.30087
native-srgb-reference-20260913,srgb,173,gray-24,24,24,24,1.891675,2.018336,2.229309
native-srgb-reference-20260913,srgb,173,gray-32,32,32,32,2.977313,3.172625,3.378117
native-srgb-reference-20260913,srgb,173,gray-48,48,48,48,6.039239,6.46852,6.838197
native-srgb-reference-20260913,srgb,173,gray-64,64,64,64,10.958015,11.538105,12.283616
native-srgb-reference-20260913,srgb,173,gray-96,96,96,96,24.149905,25.679162,27.424116
native-srgb-reference-20260913,srgb,173,gray-128,128,128,128,45.391726,48.051221,52.370558
native-srgb-reference-20260913,srgb,173,gray-160,160,160,160,74.787604,78.933697,85.922643
native-srgb-reference-20260913,srgb,173,gray-192,192,192,192,111.14432,117.199994,126.756992
native-srgb-reference-20260913,srgb,173,gray-224,224,224,224,157.91187,166.117143,180.896277
native-srgb-reference-20260913,srgb,173,gray-240,240,240,240,184.602782,194.797235,211.789673
native-srgb-reference-20260913,srgb,173,gray-248,248,248,248,199.480165,210.581651,227.242887
native-srgb-reference-20260913,srgb,173,gray-252,252,252,252,207.375749,218.777195,236.472178
native-srgb-reference-20260913,srgb,173,red-128,128,0,0,19.920739,10.348958,1.070884
native-srgb-reference-20260913,srgb,173,red-224,224,0,0,69.219452,35.945494,3.505897
native-srgb-reference-20260913,srgb,173,red-240,240,0,0,82.30124,42.555745,4.147649
native-srgb-reference-20260913,srgb,173,red-248,248,0,0,88.354717,45.723584,4.390019
native-srgb-reference-20260913,srgb,173,red-252,252,0,0,92.306647,47.752211,4.617569
native-srgb-reference-20260913,srgb,173,red-255,255,0,0,95.248859,49.337526,4.628398
native-srgb-reference-20260913,srgb,173,green-128,0,128,0,17.656485,35.208788,5.996222
native-srgb-reference-20260913,srgb,173,green-224,0,224,0,61.484106,123.215598,20.924717
native-srgb-reference-20260913,srgb,173,green-240,0,240,0,71.689494,143.916971,24.33462
native-srgb-reference-20260913,srgb,173,green-248,0,248,0,77.6614,155.993198,25.980555
native-srgb-reference-20260913,srgb,173,green-252,0,252,0,80.635341,162.166039,26.827023
native-srgb-reference-20260913,srgb,173,green-255,0,255,0,82.72011,166.935692,27.593033
native-srgb-reference-20260913,srgb,173,blue-128,0,0,128,8.83681,3.575145,46.413358
native-srgb-reference-20260913,srgb,173,blue-224,0,0,224,30.438628,12.260969,159.771425
native-srgb-reference-20260913,srgb,173,blue-240,0,0,240,35.765394,14.405632,187.818993
native-srgb-reference-20260913,srgb,173,blue-248,0,0,248,38.569227,15.490311,202.172661
native-srgb-reference-20260913,srgb,173,blue-252,0,0,252,40.083748,16.102247,210.699071
native-srgb-reference-20260913,srgb,173,blue-255,0,0,255,41.31193,16.538508,217.241959
native-srgb-reference-20260913,srgb,173,cyan-128,0,128,128,26.022087,38.203249,51.132083
native-srgb-reference-20260913,srgb,173,cyan-224,0,224,224,90.257617,132.820862,177.013955
native-srgb-reference-20260913,srgb,173,cyan-240,0,240,240,105.397546,154.861267,208.075755
native-srgb-reference-20260913,srgb,173,cyan-248,0,248,248,113.934877,167.547618,225.650083
native-srgb-reference-20260913,srgb,173,cyan-252,0,252,252,118.008003,174.073001,232.584567
native-srgb-reference-20260913,srgb,173,cyan-255,0,255,255,121.200684,178.92708,239.683929
native-srgb-reference-20260913,srgb,173,magenta-128,128,0,128,28.534806,13.780178,47.308898
native-srgb-reference-20260913,srgb,173,magenta-224,224,0,224,99.36425,47.86962,163.254987
native-srgb-reference-20260913,srgb,173,magenta-240,240,0,240,117.299928,56.4611,191.523648
native-srgb-reference-20260913,srgb,173,magenta-248,248,0,248,126.578779,60.858936,205.834167
native-srgb-reference-20260913,srgb,173,magenta-252,252,0,252,130.920907,62.870688,214.491022
native-srgb-reference-20260913,srgb,173,magenta-255,255,0,255,134.955576,64.860492,221.028721
native-srgb-reference-20260913,srgb,173,yellow-128,128,128,0,36.9285,44.927596,6.776205
native-srgb-reference-20260913,srgb,173,yellow-224,224,224,0,130.269113,157.952337,23.920633
native-srgb-reference-20260913,srgb,173,yellow-240,240,240,0,151.344265,183.936348,27.700707
native-srgb-reference-20260913,srgb,173,yellow-248,248,248,0,164.002644,199.197579,29.973643
native-srgb-reference-20260913,srgb,173,yellow-252,252,252,0,170.4516,206.935658,30.744327
native-srgb-reference-20260913,srgb,173,yellow-255,255,255,0,175.494888,212.972545,31.562004
native-srgb-reference-20260913,srgb,173,red-mix,192,64,64,55.247061,34.389116,14.677983
native-srgb-reference-20260913,srgb,173,green-mix,64,192,64,49.056838,88.481662,24.933245
native-srgb-reference-20260913,srgb,173,blue-mix,64,64,192,29.650262,18.746407,113.480186
native-srgb-reference-20260913,srgb,173,skin-light,194,150,130,82.837593,77.797313,57.777484
native-srgb-reference-20260913,srgb,173,skin-dark,115,82,68,24.098708,22.025681,14.798397
native-srgb-reference-20260913,srgb,173,white-end,255,255,255,213.374926,224.970083,243.57092
native-gamma-final-reference-20260913,gamma22,173,white-start,255,255,255,213.762305,225.403477,243.749924
native-gamma-final-reference-20260913,gamma22,173,black,0,0,0,0.0,0.0,0.0
native-gamma-final-reference-20260913,gamma22,173,gray-4,4,4,4,0.0,0.0,0.0
native-gamma-final-reference-20260913,gamma22,173,gray-8,8,8,8,0.072732,0.073025,0.087195
native-gamma-final-reference-20260913,gamma22,173,gray-12,12,12,12,0.195708,0.258294,0.196338
native-gamma-final-reference-20260913,gamma22,173,gray-16,16,16,16,0.389077,0.414362,0.41002
native-gamma-final-reference-20260913,gamma22,173,gray-24,24,24,24,1.095546,1.200146,1.175384
native-gamma-final-reference-20260913,gamma22,173,gray-32,32,32,32,2.182749,2.34599,2.433022
native-gamma-final-reference-20260913,gamma22,173,gray-48,48,48,48,5.159386,5.47397,5.842225
native-gamma-final-reference-20260913,gamma22,173,gray-64,64,64,64,9.942832,10.608125,11.366244
native-gamma-final-reference-20260913,gamma22,173,gray-96,96,96,96,24.185571,25.735862,27.47014
native-gamma-final-reference-20260913,gamma22,173,gray-128,128,128,128,46.385432,49.069341,53.435775
native-gamma-final-reference-20260913,gamma22,173,gray-160,160,160,160,75.924258,80.10046,87.342005
native-gamma-final-reference-20260913,gamma22,173,gray-192,192,192,192,113.088516,119.71795,128.71556
native-gamma-final-reference-20260913,gamma22,173,gray-224,224,224,224,159.755274,168.087561,183.203473
native-gamma-final-reference-20260913,gamma22,173,gray-240,240,240,240,185.799781,195.347536,211.965912
native-gamma-final-reference-20260913,gamma22,173,gray-248,248,248,248,199.709592,210.835509,227.420925
native-gamma-final-reference-20260913,gamma22,173,gray-252,252,252,252,207.538227,218.8851,236.649136
native-gamma-final-reference-20260913,gamma22,173,red-128,128,0,0,19.934362,10.359455,1.075087
native-gamma-final-reference-20260913,gamma22,173,red-224,224,0,0,70.11546,36.367053,3.694868
native-gamma-final-reference-20260913,gamma22,173,red-240,240,0,0,82.286731,42.551092,4.1522
native-gamma-final-reference-20260913,gamma22,173,red-248,248,0,0,89.360674,46.201935,4.397665
native-gamma-final-reference-20260913,gamma22,173,red-252,252,0,0,92.332908,47.775635,4.626376
native-gamma-final-reference-20260913,gamma22,173,red-255,255,0,0,95.323237,49.384545,4.63798
native-gamma-final-reference-20260913,gamma22,173,green-128,0,128,0,17.891447,35.833589,6.036778
native-gamma-final-reference-20260913,gamma22,173,green-224,0,224,0,61.925178,124.502579,21.022049
native-gamma-final-reference-20260913,gamma22,173,green-240,0,240,0,72.209092,145.336968,24.41895
native-gamma-final-reference-20260913,gamma22,173,green-248,0,248,0,77.688054,156.044522,25.995628
native-gamma-final-reference-20260913,gamma22,173,green-252,0,252,0,80.639554,162.166188,26.846595
native-gamma-final-reference-20260913,gamma22,173,green-255,0,255,0,82.846204,167.069966,27.631931
native-gamma-final-reference-20260913,gamma22,173,blue-128,0,0,128,8.991448,3.62916,47.31294
native-gamma-final-reference-20260913,gamma22,173,blue-224,0,0,224,30.778687,12.379691,161.74792
native-gamma-final-reference-20260913,gamma22,173,blue-240,0,0,240,36.119988,14.502337,189.77333
native-gamma-final-reference-20260913,gamma22,173,blue-248,0,0,248,38.928265,15.614688,204.292724
native-gamma-final-reference-20260913,gamma22,173,blue-252,0,0,252,40.082104,16.114174,210.695475
native-gamma-final-reference-20260913,gamma22,173,blue-255,0,0,255,41.331264,16.551026,217.360295
native-gamma-final-reference-20260913,gamma22,173,cyan-128,0,128,128,26.709306,39.047642,52.197104
native-gamma-final-reference-20260913,gamma22,173,cyan-224,0,224,224,91.019081,134.162193,179.143603
native-gamma-final-reference-20260913,gamma22,173,cyan-240,0,240,240,105.97603,156.287211,208.086673
native-gamma-final-reference-20260913,gamma22,173,cyan-248,0,248,248,114.039826,167.694915,225.827695
native-gamma-final-reference-20260913,gamma22,173,cyan-252,0,252,252,118.203956,174.253882,232.762065
native-gamma-final-reference-20260913,gamma22,173,cyan-255,0,255,255,121.234158,179.000057,239.684469
native-gamma-final-reference-20260913,gamma22,173,magenta-128,128,0,128,29.014512,13.998855,47.407646
native-gamma-final-reference-20260913,gamma22,173,magenta-224,224,0,224,100.159233,48.284242,163.255151
native-gamma-final-reference-20260913,gamma22,173,magenta-240,240,0,240,117.390932,56.494684,191.523534
native-gamma-final-reference-20260913,gamma22,173,magenta-248,248,0,248,126.650253,60.933257,206.01124
native-gamma-final-reference-20260913,gamma22,173,magenta-252,252,0,252,131.083385,62.978593,214.66798
native-gamma-final-reference-20260913,gamma22,173,magenta-255,255,0,255,135.08458,64.895421,221.205139
native-gamma-final-reference-20260913,gamma22,173,yellow-128,128,128,0,37.662226,45.841549,6.827791
native-gamma-final-reference-20260913,gamma22,173,yellow-224,224,224,0,130.341552,158.095211,23.954286
native-gamma-final-reference-20260913,gamma22,173,yellow-240,240,240,0,152.454389,184.468134,27.734201
native-gamma-final-reference-20260913,gamma22,173,yellow-248,248,248,0,164.080268,199.225112,29.989046
native-gamma-final-reference-20260913,gamma22,173,yellow-252,252,252,0,170.82081,207.420079,30.844009
native-gamma-final-reference-20260913,gamma22,173,yellow-255,255,255,0,175.668831,213.189635,31.608026
native-gamma-final-reference-20260913,gamma22,173,red-mix,192,64,64,55.597899,34.069423,13.769184
native-gamma-final-reference-20260913,gamma22,173,green-mix,64,192,64,49.812139,90.642235,24.44504
native-gamma-final-reference-20260913,gamma22,173,blue-mix,64,64,192,29.764865,18.270052,116.478989
native-gamma-final-reference-20260913,gamma22,173,skin-light,194,150,130,83.876315,78.908116,57.783165
native-gamma-final-reference-20260913,gamma22,173,skin-dark,115,82,68,23.969561,21.726491,14.374051
native-gamma-final-reference-20260913,gamma22,173,white-end,255,255,255,213.503929,225.005011,243.747338
native-original-boundary-20260913,original,173,white-start,255,255,255,247.029015,250.822916,298.08175
native-original-boundary-20260913,original,173,black,0,0,0,0.0,0.0,0.0
native-original-boundary-20260913,original,173,red-floor-0,255,0,0,140.270103,65.527941,0.067786
native-original-boundary-20260913,original,173,red-floor-16,255,16,16,140.226289,65.751374,0.617394
native-original-boundary-20260913,original,173,red-floor-32,255,32,32,140.955731,66.985958,2.638947
native-original-boundary-20260913,original,173,red-floor-48,255,48,48,142.152858,69.001273,5.814095
native-original-boundary-20260913,original,173,red-floor-64,255,64,64,144.173544,72.388593,11.245206
native-original-boundary-20260913,original,173,red-floor-96,255,96,96,150.263057,82.78127,27.779393
native-original-boundary-20260913,original,173,green-floor-0,0,255,0,68.28638,187.837875,10.039933
native-original-boundary-20260913,original,173,green-floor-16,16,255,16,66.8962,183.23934,10.281465
native-original-boundary-20260913,original,173,green-floor-32,32,255,32,67.61957,182.516639,12.11317
native-original-boundary-20260913,original,173,green-floor-48,48,255,48,69.363726,182.891029,15.097241
native-original-boundary-20260913,original,173,green-floor-64,64,255,64,72.411784,183.637798,20.230884
native-original-boundary-20260913,original,173,green-floor-96,96,255,96,82.153007,186.879332,36.031454
native-original-boundary-20260913,original,173,blue-floor-0,0,0,255,50.606566,16.587919,296.707538
native-original-boundary-20260913,original,173,blue-floor-16,16,16,255,50.723075,16.888453,295.545991
native-original-boundary-20260913,original,173,blue-floor-32,32,32,255,51.981952,18.391788,295.487109
native-original-boundary-20260913,original,173,blue-floor-48,48,48,255,54.021815,20.811398,295.514283
native-original-boundary-20260913,original,173,blue-floor-64,64,64,255,57.502589,24.968613,295.490935
native-original-boundary-20260913,original,173,blue-floor-96,96,96,255,68.290186,37.831074,295.480724
native-original-boundary-20260913,original,173,cyan-floor-0,0,255,255,113.571209,192.756754,298.518398
native-original-boundary-20260913,original,173,cyan-floor-16,16,255,255,113.427524,191.950894,298.864751
native-original-boundary-20260913,original,173,cyan-floor-32,32,255,255,114.222138,192.036907,299.215164
native-original-boundary-20260913,original,173,cyan-floor-48,48,255,255,115.500723,192.435446,299.389553
native-original-boundary-20260913,original,173,cyan-floor-64,64,255,255,117.708881,193.129085,299.38561
native-original-boundary-20260913,original,173,cyan-floor-96,96,255,255,124.801995,196.231669,299.381343
native-original-boundary-20260913,original,173,magenta-floor-0,255,0,255,189.360341,81.41883,295.317905
native-original-boundary-20260913,original,173,magenta-floor-16,255,16,255,188.528789,81.248652,294.260054
native-original-boundary-20260913,original,173,magenta-floor-32,255,32,255,188.777422,82.20181,294.091314
native-original-boundary-20260913,original,173,magenta-floor-48,255,48,255,188.992257,83.822029,293.752441
native-original-boundary-20260913,original,173,magenta-floor-64,255,64,255,190.034163,86.752703,293.775588
native-original-boundary-20260913,original,173,magenta-floor-96,255,96,255,193.020767,95.735882,293.847531
native-original-boundary-20260913,original,173,yellow-floor-0,255,255,0,202.007225,244.490427,9.727497
native-original-boundary-20260913,original,173,yellow-floor-16,255,255,16,201.616377,241.701176,10.050266
native-original-boundary-20260913,original,173,yellow-floor-32,255,255,32,201.911655,241.305425,11.9014
native-original-boundary-20260913,original,173,yellow-floor-48,255,255,48,202.488969,241.260146,14.864404
native-original-boundary-20260913,original,173,yellow-floor-64,255,255,64,203.315906,241.301255,19.968372
native-original-boundary-20260913,original,173,yellow-floor-96,255,255,96,205.898805,241.678211,35.63683
native-original-boundary-20260913,original,173,white-end,255,255,255,246.784583,250.538164,298.25689
native-gamma-boundary-20260913,gamma22,173,white-start,255,255,255,213.661882,225.184548,243.748304
native-gamma-boundary-20260913,gamma22,173,black,0,0,0,0.0,0.0,0.0
native-gamma-boundary-20260913,gamma22,173,red-floor-0,255,0,0,95.585668,49.52516,4.662362
native-gamma-boundary-20260913,gamma22,173,red-floor-16,255,16,16,95.585913,49.692082,5.154177
native-gamma-boundary-20260913,gamma22,173,red-floor-32,255,32,32,96.246736,50.830649,6.985192
native-gamma-boundary-20260913,gamma22,173,red-floor-48,255,48,48,97.531537,53.187034,10.14757
native-gamma-boundary-20260913,gamma22,173,red-floor-64,255,64,64,100.731115,57.400104,15.751734
native-gamma-boundary-20260913,gamma22,173,red-floor-96,255,96,96,107.753665,68.522461,31.022009
native-gamma-boundary-20260913,gamma22,173,green-floor-0,0,255,0,82.930855,167.371758,27.646887
native-gamma-boundary-20260913,gamma22,173,green-floor-16,16,255,16,83.35183,167.377271,28.197857
native-gamma-boundary-20260913,gamma22,173,green-floor-32,32,255,32,84.074117,167.60688,29.975182
native-gamma-boundary-20260913,gamma22,173,green-floor-48,48,255,48,85.83635,168.192402,32.231291
native-gamma-boundary-20260913,gamma22,173,green-floor-64,64,255,64,88.345799,169.050662,36.893248
native-gamma-boundary-20260913,gamma22,173,green-floor-96,96,255,96,97.062927,173.627531,51.73829
native-gamma-boundary-20260913,gamma22,173,blue-floor-0,0,0,255,41.366473,16.544329,217.738745
native-gamma-boundary-20260913,gamma22,173,blue-floor-16,16,16,255,41.566482,16.905952,217.483145
native-gamma-boundary-20260913,gamma22,173,blue-floor-32,32,32,255,42.814678,18.354573,217.538719
native-gamma-boundary-20260913,gamma22,173,blue-floor-48,48,48,255,45.153355,21.373444,217.348746
native-gamma-boundary-20260913,gamma22,173,blue-floor-64,64,64,255,48.864441,25.899543,217.357242
native-gamma-boundary-20260913,gamma22,173,blue-floor-96,96,96,255,59.820314,38.919243,219.903506
native-gamma-boundary-20260913,gamma22,173,cyan-floor-0,0,255,255,121.368056,179.291963,239.68663
native-gamma-boundary-20260913,gamma22,173,cyan-floor-16,16,255,255,121.196159,178.998712,239.507937
native-gamma-boundary-20260913,gamma22,173,cyan-floor-32,32,255,255,122.15362,179.521239,239.685059
native-gamma-boundary-20260913,gamma22,173,cyan-floor-48,48,255,255,123.212197,179.851266,239.683145
native-gamma-boundary-20260913,gamma22,173,cyan-floor-64,64,255,255,125.223709,180.775452,239.682361
native-gamma-boundary-20260913,gamma22,173,cyan-floor-96,96,255,255,130.573799,183.126233,239.502543
native-gamma-boundary-20260913,gamma22,173,magenta-floor-0,255,0,255,135.14211,64.856028,221.204484
native-gamma-boundary-20260913,gamma22,173,magenta-floor-16,255,16,255,135.218477,65.187327,221.2073
native-gamma-boundary-20260913,gamma22,173,magenta-floor-32,255,32,255,135.400162,65.994531,221.037479
native-gamma-boundary-20260913,gamma22,173,magenta-floor-48,255,48,255,136.140799,68.268418,221.055764
native-gamma-boundary-20260913,gamma22,173,magenta-floor-64,255,64,255,138.063798,71.390322,221.253217
native-gamma-boundary-20260913,gamma22,173,magenta-floor-96,255,96,255,142.52009,81.76459,221.331463
native-gamma-boundary-20260913,gamma22,173,yellow-floor-0,255,255,0,175.610663,213.223138,31.567768
native-gamma-boundary-20260913,gamma22,173,yellow-floor-16,255,255,16,175.769718,213.169598,32.158477
native-gamma-boundary-20260913,gamma22,173,yellow-floor-32,255,255,32,175.904809,213.116253,33.391023
native-gamma-boundary-20260913,gamma22,173,yellow-floor-48,255,255,48,176.287714,213.190028,36.022447
native-gamma-boundary-20260913,gamma22,173,yellow-floor-64,255,255,64,177.044103,213.363975,40.250214
native-gamma-boundary-20260913,gamma22,173,yellow-floor-96,255,255,96,179.287325,213.551187,55.084185
native-gamma-boundary-20260913,gamma22,173,white-end,255,255,255,213.312502,224.752498,243.745832
native-final-white-20260913,gamma22,173,white-1,255,255,255,213.556934,225.03725,243.570691
native-final-white-20260913,gamma22,173,white-2,255,255,255,213.628408,225.111571,243.747764
native-final-white-20260913,gamma22,173,white-3,255,255,255,213.432455,224.93069,243.570265
